deviceID,350037000547373336373936
timestamp_iso,box_temp,manifold_temp,manifold_rh,pressure,dew_point,noise,solar,wind_dir,wind_speed,co2,co_we,co_ae,no_we,no_ae,no2_we,no2_ae,ox_we,ox_ae,bin0,bin1,bin2,bin3,bin4,bin5,bin6,bin7,bin8,bin9,bin10,bin11,bin12,bin13,bin14,bin15,bin16,bin17,bin18,bin19,bin20,bin21,bin22,bin23,bin1MtoF,bin3MToF,bin5MToF,bin7MToF,flowrate,sample_period,pm1,pm25,pm10,laser_status,flag,lat,lon,alt,uncertainty
04/06/2026 22:15:41,27.00,28.20,60.15,101135.00,19.74,122.00,0.00,68.06,0.00,794.65,3294.73,0.00,3293.10,3293.48,4094.75,800.77,1798.18,1910.06,0.162,0.000,0.000,0.000,0.000,0.000,0.000,0.000,0.000,0.000,0.000,0.000,0.000,0.000,0.000,0.000,0.000,0.000,0.000,0.000,0.000,0.000,0.000,0.000,0.000,0.000,0.000,0.000,3.700,9.98,0.02,0.02,0.02,53,123,0.000000,0.000000,0,0
04/06/2026 22:15:51,27.10,28.19,60.71,101144.00,19.88,229.00,0.00,59.53,0.00,790.90,3294.98,0.00,3292.98,3293.35,4094.62,800.40,1853.56,1903.81,0.433,0.000,0.000,0.000,0.000,0.000,0.000,0.000,0.000,0.000,0.000,0.000,0.000,0.000,0.000,0.000,0.000,0.000,0.000,0.000,0.000,0.000,0.000,0.000,0.000,0.000,0.000,0.000,3.700,9.98,0.05,0.05,0.05,53,123,0.000000,0.000000,0,0
04/06/2026 22:16:01,27.10,28.18,60.91,101145.00,19.92,8.00,0.00,60.40,0.00,787.27,3294.98,0.00,3293.23,3293.73,4094.75,800.27,1873.81,1900.06,0.000,0.000,0.000,0.000,0.000,0.000,0.000,0.000,0.000,0.000,0.000,0.000,0.000,0.000,0.000,0.000,0.000,0.000,0.000,0.000,0.000,0.000,0.000,0.000,0.000,0.000,0.000,0.000,3.700,9.98,0.00,0.00,0.00,52,123,0.000000,0.000000,0,0
04/06/2026 22:16:11,27.20,28.18,60.91,101154.00,19.92,4.00,0.00,60.84,0.00,786.02,3295.10,0.00,3293.35,3293.85,4094.75,802.27,1882.93,1898.81,0.027,0.000,0.000,0.000,0.000,0.000,0.000,0.000,0.000,0.000,0.000,0.000,0.000,0.000,0.000,0.000,0.000,0.000,0.000,0.000,0.000,0.000,0.000,0.000,0.000,0.000,0.000,0.000,3.700,9.98,0.00,0.00,0.00,53,123,0.000000,0.000000,0,0
04/06/2026 22:16:21,27.20,28.17,60.88,101148.00,19.91,3.00,0.00,69.37,0.00,783.15,3295.10,0.00,3293.85,3294.23,4094.75,1465.79,1886.18,1897.18,0.000,0.000,0.000,0.000,0.000,0.000,0.000,0.000,0.000,0.000,0.000,0.000,0.000,0.000,0.000,0.000,0.000,0.000,0.000,0.000,0.000,0.000,0.000,0.000,0.000,0.000,0.000,0.000,3.700,9.98,0.00,0.00,0.00,53,123,0.000000,0.000000,0,0
04/06/2026 22:16:31,27.30,28.17,61.00,101151.00,19.94,3.00,0.00,71.12,0.00,779.90,3295.10,0.00,3293.98,3294.48,4094.75,2674.58,1888.18,1896.43,0.000,0.000,0.000,0.000,0.000,0.000,0.000,0.000,0.000,0.000,0.000,0.000,0.000,0.000,0.000,0.000,0.000,0.000,0.000,0.000,0.000,0.000,0.000,0.000,0.000,0.000,0.000,0.000,3.700,9.98,0.00,0.00,0.00,54,123,0.000000,0.000000,0,0
04/06/2026 22:16:41,27.30,28.17,61.03,101151.00,19.95,3.00,0.00,70.91,0.00,777.77,3295.23,0.00,3294.10,3294.60,4094.75,3394.10,1889.93,1895.56,0.000,0.000,0.000,0.000,0.000,0.000,0.000,0.000,0.000,0.000,0.000,0.000,0.000,0.000,0.000,0.000,0.000,0.000,0.000,0.000,0.000,0.000,0.000,0.000,0.000,0.000,0.000,0.000,3.700,9.98,0.00,0.00,0.00,53,123,0.000000,0.000000,0,0
04/06/2026 22:16:51,27.40,28.17,61.12,101154.00,19.97,3.00,0.00,66.75,0.00,776.65,3295.35,0.00,3293.98,3294.60,3594.23,3430.60,1891.18,1896.43,0.108,0.000,0.000,0.000,0.000,0.000,0.000,0.000,0.000,0.000,0.000,0.000,0.000,0.000,0.000,0.000,0.000,0.000,0.000,0.000,0.000,0.000,0.000,0.000,0.000,0.000,0.000,0.000,3.700,9.98,0.01,0.01,0.01,53,123,0.000000,0.000000,0,0
04/06/2026 22:17:01,27.50,28.16,60.97,101148.00,19.92,3.00,0.00,59.09,0.00,774.40,3295.35,0.00,3293.98,3294.48,2766.46,2806.96,1891.81,1896.43,0.000,0.000,0.000,0.000,0.000,0.000,0.000,0.000,0.000,0.000,0.000,0.000,0.000,0.000,0.000,0.000,0.000,0.000,0.000,0.000,0.000,0.000,0.000,0.000,0.000,0.000,0.000,122.100,284.700,0.00,0.01,0.01,-30203.00,53,123,0.000000,0.000000,0,0
04/06/2026 22:17:11,27.50,28.17,61.03,101137.00,19.95,3.00,0.00,62.15,0.00,774.15,3295.35,0.00,3294.10,3294.60,2390.45,2382.95,1892.43,1896.18,0.135,0.000,0.000,0.000,0.000,0.000,0.000,0.000,0.000,0.000,0.000,0.000,0.000,0.000,0.000,0.000,0.000,0.000,0.000,0.000,0.000,0.000,0.000,0.000,0.000,0.000,0.000,0.000,3.700,9.98,0.01,0.01,0.01,53,123,0.000000,0.000000,0,0
04/06/2026 22:17:21,27.60,28.17,61.15,101149.00,19.98,3.00,0.00,71.12,0.00,773.40,3295.35,0.00,3294.23,3294.60,2229.57,2151.69,1892.93,1896.31,0.027,0.000,0.000,0.000,0.000,0.000,0.000,0.000,0.000,0.000,0.000,0.000,0.000,0.000,0.000,0.000,0.000,0.000,0.000,0.000,0.000,0.000,0.000,0.000,0.000,0.000,0.000,0.000,3.700,9.98,0.00,0.00,0.00,53,123,0.000000,0.000000,0,0
04/06/2026 22:17:31,27.70,28.17,61.15,101149.00,19.98,3.00,0.00,68.06,0.00,773.40,3295.35,0.00,3294.23,3294.60,2152.94,2030.94,1893.18,1895.81,0.000,0.000,0.000,0.000,0.000,0.000,0.000,0.000,0.000,0.000,0.000,0.000,0.000,0.000,0.000,0.000,0.000,0.000,0.000,0.000,0.000,0.000,0.000,0.000,0.000,0.000,0.000,0.000,3.700,9.98,0.00,0.00,0.00,53,123,0.000000,0.000000,0,0
04/06/2026 22:17:41,27.70,28.17,61.03,101152.00,19.95,3.00,0.00,59.09,0.00,771.90,3295.35,0.00,3294.35,3294.73,2109.31,1968.19,1893.18,1894.93,0.000,0.000,0.000,0.000,0.000,0.000,0.000,0.000,0.000,0.000,0.000,0.000,0.000,0.000,0.000,0.000,0.000,0.000,0.000,0.000,0.000,0.000,0.000,0.000,0.000,0.000,0.000,0.000,3.700,9.98,0.00,0.00,0.00,53,123,0.000000,0.000000,0,0
04/06/2026 22:17:51,27.80,28.17,61.06,101152.00,19.95,3.00,0.00,63.90,0.00,771.77,3295.35,0.00,3294.35,3294.85,2080.94,1935.06,1893.43,1895.06,0.000,0.000,0.000,0.000,0.000,0.000,0.000,0.000,0.000,0.000,0.000,0.000,0.000,0.000,0.000,0.000,0.000,0.000,0.000,0.000,0.000,0.000,0.000,0.000,0.000,0.000,0.000,0.000,3.700,9.98,0.00,0.00,0.00,53,123,0.000000,0.000000,0,0
04/06/2026 22:18:01,27.90,28.19,61.15,101155.00,20.00,3.00,0.00,70.91,0.00,771.40,3295.35,0.00,3294.35,3294.85,2060.56,1917.68,1893.56,1895.31,0.000,0.000,0.000,0.000,0.000,0.000,0.000,0.000,0.000,0.000,0.000,0.000,0.000,0.000,0.000,0.000,0.000,0.000,0.000,0.000,0.000,0.000,0.000,0.000,0.000,0.000,0.000,0.000,3.700,9.98,0.00,0.00,0.00,53,123,0.000000,0.000000,0,0
04/06/2026 22:18:11,27.90,28.19,61.26,101138.00,20.03,3.00,0.00,64.12,0.00,769.27,3295.48,0.00,3294.35,3294.85,2044.31,1907.68,1894.06,1895.18,0.000,0.000,0.000,0.000,0.000,0.000,0.000,0.000,0.000,0.000,0.000,0.000,0.000,0.000,0.000,0.000,0.000,0.000,0.000,0.000,0.000,0.000,0.000,0.000,0.000,0.000,0.000,0.000,3.700,9.98,0.00,0.00,0.00,53,123,0.000000,0.000000,0,0
04/06/2026 22:18:21,28.00,28.20,61.35,101150.00,20.06,3.00,0.00,59.31,0.00,769.27,3295.48,0.00,3294.35,3294.85,2031.44,1901.43,1894.43,1895.68,0.027,0.000,0.000,0.000,0.000,0.000,0.000,0.000,0.000,0.000,0.000,0.000,0.000,0.000,0.000,0.000,0.000,0.000,0.000,0.000,0.000,0.000,0.000,0.000,0.000,0.000,0.000,0.000,3.700,9.98,0.00,0.00,0.00,53,123,0.000000,0.000000,0,0
04/06/2026 22:18:31,28.00,28.22,61.29,101153.00,20.06,3.00,0.00,59.31,0.00,768.90,3295.48,0.00,3294.48,3294.98,2023.69,1897.43,1894.68,1895.68,0.027,0.000,0.000,0.000,0.000,0.000,0.000,0.000,0.000,0.000,0.000,0.000,0.000,0.000,0.000,0.000,0.000,0.000,0.000,0.000,0.000,0.000,0.000,0.000,0.000,0.000,0.000,0.000,3.700,9.98,0.00,0.00,0.00,53,123,0.000000,0.000000,0,0
04/06/2026 22:18:41,28.10,28.22,61.32,101144.00,20.06,3.00,0.00,64.78,0.00,766.15,3295.48,0.00,3294.35,3294.85,2013.56,1894.81,1895.06,1896.06,0.000,0.000,0.000,0.000,0.000,0.000,0.000,0.000,0.000,0.000,0.000,0.000,0.000,0.000,0.000,0.000,0.000,0.000,0.000,0.000,0.000,0.000,0.000,0.000,0.000,0.000,0.000,0.000,3.700,9.98,0.00,0.00,0.00,53,123,0.000000,0.000000,0,0
04/06/2026 22:18:51,28.10,28.23,61.32,101153.00,20.07,3.00,0.00,70.91,0.00,765.52,3295.48,0.00,3294.48,3294.98,2003.94,1893.31,1895.06,1895.93,0.000,0.000,0.000,0.000,0.000,0.000,0.000,0.000,0.000,0.000,0.000,0.000,0.000,0.000,0.000,0.000,0.000,0.000,0.000,0.000,0.000,0.000,0.000,0.000,0.000,0.000,0.000,0.000,3.700,9.98,0.00,0.00,0.00,53,123,0.000000,0.000000,0,0
04/06/2026 22:19:01,28.20,28.24,61.44,101150.00,20.11,3.00,0.00,59.74,0.00,763.65,3295.48,0.00,3294.48,3294.98,1995.44,1892.31,1894.93,1895.56,0.000,0.000,0.000,0.000,0.000,0.000,0.000,0.000,0.000,0.000,0.000,0.000,0.000,0.000,0.000,0.000,0.000,0.000,0.000,0.000,0.000,0.000,0.000,0.000,0.000,0.000,0.000,0.000,3.700,9.98,0.00,0.00,0.00,53,123,0.000000,0.000000,0,0
04/06/2026 22:19:11,28.20,28.25,61.44,101144.00,20.12,3.00,0.00,58.87,0.00,760.90,3295.60,0.00,3294.48,3294.98,1988.19,1891.06,1895.18,1895.18,0.000,0.000,0.000,0.000,0.000,0.000,0.000,0.000,0.000,0.000,0.000,0.000,0.000,0.000,0.000,0.000,0.000,0.000,0.000,0.000,0.000,0.000,0.000,0.000,0.000,0.000,0.000,0.000,3.700,9.98,0.00,0.00,0.00,53,123,0.000000,0.000000,0,0
04/06/2026 22:19:21,28.20,28.27,61.38,101156.00,20.13,3.00,0.00,65.65,0.00,761.27,3295.60,0.00,3294.48,3294.98,1981.44,1890.18,1895.31,1895.18,0.000,0.000,0.000,0.000,0.000,0.000,0.000,0.000,0.000,0.000,0.000,0.000,0.000,0.000,0.000,0.000,0.000,0.000,0.000,0.000,0.000,0.000,0.000,0.000,0.000,0.000,0.000,0.000,3.700,9.98,0.00,0.00,0.00,53,123,0.000000,0.000000,0,0
04/06/2026 22:19:31,28.30,28.28,61.26,101142.00,20.11,3.00,0.00,68.06,0.00,758.02,3295.48,0.00,3294.48,3294.98,1975.69,1889.68,1895.18,1894.81,0.000,0.000,0.000,0.000,0.000,0.000,0.000,0.000,0.000,0.000,0.000,0.000,0.000,0.000,0.000,0.000,0.000,0.000,0.000,0.000,0.000,0.000,0.000,0.000,0.000,0.000,0.000,0.000,3.700,9.98,0.00,0.00,0.00,53,123,0.000000,0.000000,0,0
04/06/2026 22:19:41,28.30,28.29,61.03,101159.00,20.06,3.00,0.00,62.81,0.00,757.27,3295.60,0.00,3294.60,3294.98,1969.69,1889.06,1895.06,1895.06,0.000,0.000,0.000,0.000,0.000,0.000,0.000,0.000,0.000,0.000,0.000,0.000,0.000,0.000,0.000,0.000,0.000,0.000,0.000,0.000,0.000,0.000,0.000,0.000,0.000,0.000,0.000,0.000,3.700,9.98,0.00,0.00,0.00,53,123,0.000000,0.000000,0,0
04/06/2026 22:19:51,28.40,28.30,61.00,101151.00,20.06,3.00,0.00,59.31,0.00,757.27,3295.60,0.00,3294.60,3294.98,1965.31,1888.56,1895.43,1895.43,0.000,0.000,0.000,0.000,0.000,0.000,0.000,0.000,0.000,0.000,0.000,0.000,0.000,0.000,0.000,0.000,0.000,0.000,0.000,0.000,0.000,0.000,0.000,0.000,0.000,0.000,0.000,0.000,3.700,9.98,0.00,0.00,0.00,53,123,0.000000,0.000000,0,0
04/06/2026 22:20:01,28.40,28.31,61.03,101154.00,20.08,3.00,0.00,59.09,0.00,756.77,3295.60,0.00,3294.60,3294.98,1961.68,1889.06,1895.31,1895.06,0.000,0.000,0.000,0.000,0.000,0.000,0.000,0.000,0.000,0.000,0.000,0.000,0.000,0.000,0.000,0.000,0.000,0.000,0.000,0.000,0.000,0.000,0.000,0.000,0.000,0.000,0.000,0.000,3.700,9.98,0.00,0.00,0.00,53,123,0.000000,0.000000,0,0
04/06/2026 22:20:11,28.40,28.32,61.03,101142.00,20.09,3.00,0.00,70.47,0.00,753.65,3295.60,0.00,3294.60,3295.10,1957.81,1888.18,1895.81,1895.81,0.000,0.000,0.000,0.000,0.000,0.000,0.000,0.000,0.000,0.000,0.000,0.000,0.000,0.000,0.000,0.000,0.000,0.000,0.000,0.000,0.000,0.000,0.000,0.000,0.000,0.000,0.000,0.000,3.700,9.98,0.00,0.00,0.00,53,123,0.000000,0.000000,0,0
04/06/2026 22:20:21,28.50,28.33,61.09,101154.00,20.11,3.00,0.00,65.22,0.00,751.90,3295.60,0.00,3294.60,3295.10,1955.06,1887.93,1896.06,1895.93,0.000,0.000,0.000,0.000,0.000,0.000,0.000,0.000,0.000,0.000,0.000,0.000,0.000,0.000,0.000,0.000,0.000,0.000,0.000,0.000,0.000,0.000,0.000,0.000,0.000,0.000,0.000,0.000,3.700,9.98,0.00,0.00,0.00,53,123,0.000000,0.000000,0,0
04/06/2026 22:20:31,28.50,28.36,61.15,101151.00,20.15,3.00,0.00,58.87,0.00,754.77,3295.73,0.00,3294.35,3294.73,1952.31,1888.18,1896.56,1895.93,0.081,0.000,0.000,0.000,0.000,0.000,0.000,0.000,0.000,0.000,0.000,0.000,0.000,0.000,0.000,0.000,0.000,0.000,0.000,0.000,0.000,0.000,0.000,0.000,0.000,0.000,0.000,0.000,3.700,9.98,0.01,0.01,0.01,53,123,0.000000,0.000000,0,0
04/06/2026 22:20:41,28.50,28.37,61.21,101148.00,20.18,3.00,0.00,70.69,0.00,752.65,3295.73,0.00,3294.60,3294.98,1949.06,1887.56,1896.81,1895.81,0.000,0.000,0.000,0.000,0.000,0.000,0.000,0.000,0.000,0.000,0.000,0.000,0.000,0.000,0.000,0.000,0.000,0.000,0.000,0.000,0.000,0.000,0.000,0.000,0.000,0.000,0.000,0.000,3.700,9.98,0.00,0.00,0.00,53,123,0.000000,0.000000,0,0
04/06/2026 22:20:51,28.60,28.38,61.15,101148.00,20.17,3.00,0.00,66.53,0.00,752.02,3295.73,0.00,3294.60,3295.10,1946.18,1886.93,1896.31,1894.93,0.000,0.000,0.000,0.000,0.000,0.000,0.000,0.000,0.000,0.000,0.000,0.000,0.000,0.000,0.000,0.000,0.000,0.000,0.000,0.000,0.000,0.000,0.000,0.000,0.000,0.000,0.000,0.000,3.700,9.98,0.00,0.00,0.00,53,123,0.000000,0.000000,0,0
04/06/2026 22:21:01,28.60,28.40,61.21,101142.00,20.21,3.00,0.00,60.40,0.00,750.65,3295.60,0.00,3294.60,3295.10,1943.68,1887.06,1896.31,1895.31,0.000,0.000,0.000,0.000,0.000,0.000,0.000,0.000,0.000,0.000,0.000,0.000,0.000,0.000,0.000,0.000,0.000,0.000,0.000,0.000,0.000,0.000,0.000,0.000,0.000,0.000,0.000,0.000,3.700,9.98,0.00,0.00,0.00,53,123,0.000000,0.000000,0,0
04/06/2026 22:21:11,28.60,28.42,61.29,101151.00,20.25,3.00,0.00,65.65,0.00,749.40,3295.73,0.00,3294.60,3295.10,1942.06,1887.18,1896.43,1895.68,0.000,0.000,0.000,0.000,0.000,0.000,0.000,0.000,0.000,0.000,0.000,0.000,0.000,0.000,0.000,0.000,0.000,0.000,0.000,0.000,0.000,0.000,0.000,0.000,0.000,0.000,0.000,0.000,3.700,9.98,0.00,0.00,0.00,53,123,0.000000,0.000000,0,0
04/06/2026 22:21:21,28.70,28.43,61.29,101145.00,20.26,3.00,0.00,70.47,0.00,752.02,3295.73,0.00,3294.73,3295.10,1940.31,1887.43,1896.81,1895.56,0.000,0.000,0.000,0.000,0.000,0.000,0.000,0.000,0.000,0.000,0.000,0.000,0.000,0.000,0.000,0.000,0.000,0.000,0.000,0.000,0.000,0.000,0.000,0.000,0.000,0.000,0.000,0.000,3.700,9.98,0.00,0.00,0.00,53,123,0.000000,0.000000,0,0
04/06/2026 22:21:31,28.70,28.44,61.24,101149.00,20.25,3.00,0.00,63.03,0.00,751.90,3295.73,0.00,3294.73,3295.23,1938.43,1887.31,1896.93,1895.81,0.000,0.000,0.000,0.000,0.000,0.000,0.000,0.000,0.000,0.000,0.000,0.000,0.000,0.000,0.000,0.000,0.000,0.000,0.000,0.000,0.000,0.000,0.000,0.000,0.000,0.000,0.000,0.000,3.700,9.98,0.00,0.00,0.00,53,123,0.000000,0.000000,0,0
04/06/2026 22:21:41,28.70,28.46,61.29,101160.00,20.29,3.00,0.00,63.90,0.00,753.15,3295.73,0.00,3294.73,3295.10,1936.68,1887.56,1897.18,1895.43,0.000,0.000,0.000,0.000,0.000,0.000,0.000,0.000,0.000,0.000,0.000,0.000,0.000,0.000,0.000,0.000,0.000,0.000,0.000,0.000,0.000,0.000,0.000,0.000,0.000,0.000,0.000,0.000,3.700,9.98,0.00,0.00,0.00,53,123,0.000000,0.000000,0,0
04/06/2026 22:21:51,28.80,28.47,61.29,101155.00,20.30,3.00,0.00,66.09,0.00,753.02,3295.73,0.00,3294.73,3295.10,1935.06,1886.93,1897.31,1895.56,0.000,0.000,0.000,0.000,0.000,0.000,0.000,0.000,0.000,0.000,0.000,0.000,0.000,0.000,0.000,0.000,0.000,0.000,0.000,0.000,0.000,0.000,0.000,0.000,0.000,0.000,0.000,0.000,3.700,9.98,0.00,0.00,0.00,53,123,0.000000,0.000000,0,0
04/06/2026 22:22:01,28.80,28.49,61.35,101149.00,20.33,3.00,0.00,68.28,0.00,752.02,3295.73,0.00,3294.73,3295.23,1933.68,1887.18,1897.31,1895.43,0.000,0.000,0.000,0.000,0.000,0.000,0.000,0.000,0.000,0.000,0.000,0.000,0.000,0.000,0.000,0.000,0.000,0.000,0.000,0.000,0.000,0.000,0.000,0.000,0.000,0.000,0.000,0.000,3.700,9.98,0.00,0.00,0.00,53,123,0.000000,0.000000,0,0
04/06/2026 22:22:11,28.80,28.51,61.50,101143.00,20.38,3.00,0.00,70.91,0.00,751.40,3295.85,0.00,3294.73,3295.10,1931.93,1887.18,1897.56,1895.56,0.000,0.000,0.000,0.000,0.000,0.000,0.000,0.000,0.000,0.000,0.000,0.000,0.000,0.000,0.000,0.000,0.000,0.000,0.000,0.000,0.000,0.000,0.000,0.000,0.000,0.000,0.000,0.000,3.700,9.98,0.00,0.00,0.00,53,123,0.000000,0.000000,0,0
04/06/2026 22:22:21,28.90,28.52,61.44,101152.00,20.38,3.00,0.00,66.09,0.00,749.40,3295.85,0.00,3294.73,3295.10,1931.06,1886.56,1897.56,1895.68,0.000,0.000,0.000,0.000,0.000,0.000,0.000,0.000,0.000,0.000,0.000,0.000,0.000,0.000,0.000,0.000,0.000,0.000,0.000,0.000,0.000,0.000,0.000,0.000,0.000,0.000,0.000,0.000,3.700,9.98,0.00,0.00,0.00,53,123,0.000000,0.000000,0,0
04/06/2026 22:22:31,28.90,28.54,61.45,101152.00,20.40,3.00,0.00,59.09,0.00,749.40,3295.73,0.00,3294.73,3295.23,1929.81,1886.93,1897.56,1895.81,0.000,0.000,0.000,0.000,0.000,0.000,0.000,0.000,0.000,0.000,0.000,0.000,0.000,0.000,0.000,0.000,0.000,0.000,0.000,0.000,0.000,0.000,0.000,0.000,0.000,0.000,0.000,0.000,3.700,9.98,0.00,0.00,0.00,53,123,0.000000,0.000000,0,0
04/06/2026 22:22:41,28.90,28.56,61.30,101158.00,20.38,3.00,0.00,70.25,0.00,749.52,3295.85,0.00,3202.35,3295.23,1928.18,1886.56,1897.31,1895.43,0.000,0.000,0.000,0.000,0.000,0.000,0.000,0.000,0.000,0.000,0.000,0.000,0.000,0.000,0.000,0.000,0.000,0.000,0.000,0.000,0.000,0.000,0.000,0.000,0.000,0.000,0.000,0.000,3.700,9.98,0.00,0.00,0.00,53,123,0.000000,0.000000,0,0
04/06/2026 22:22:51,28.90,28.57,61.24,101143.00,20.37,3.00,0.00,58.87,0.00,748.90,3295.85,0.00,1862.31,3295.23,1926.56,1886.43,1897.31,1895.43,0.000,0.000,0.000,0.000,0.000,0.000,0.000,0.000,0.000,0.000,0.000,0.000,0.000,0.000,0.000,0.000,0.000,0.000,0.000,0.000,0.000,0.000,0.000,0.000,0.000,0.000,0.000,0.000,3.700,9.98,0.00,0.00,0.00,52,123,0.000000,0.000000,0,0
04/06/2026 22:23:01,29.00,28.58,61.21,101143.00,20.38,3.00,0.00,68.94,0.00,745.40,3295.73,0.00,1409.67,2428.07,1925.81,1886.43,1897.43,1895.06,0.000,0.000,0.000,0.000,0.000,0.000,0.000,0.000,0.000,0.000,0.000,0.000,0.000,0.000,0.000,0.000,0.000,0.000,0.000,0.000,0.000,0.000,0.000,0.000,0.000,0.000,0.000,0.000,3.700,9.98,0.00,0.00,0.00,53,123,0.000000,0.000000,0,0
04/06/2026 22:23:11,29.00,28.59,61.27,101146.00,20.40,3.00,0.00,64.12,0.00,747.40,3295.85,0.00,1161.04,1305.91,1924.93,1886.81,1897.68,1895.43,0.000,0.000,0.000,0.000,0.000,0.000,0.000,0.000,0.000,0.000,0.000,0.000,0.000,0.000,0.000,0.000,0.000,0.000,0.000,0.000,0.000,0.000,0.000,0.000,0.000,0.000,0.000,0.000,3.700,9.98,0.00,0.00,0.00,53,123,0.000000,0.000000,0,0
04/06/2026 22:23:21,29.00,28.61,61.27,101143.00,20.42,3.00,0.00,59.31,0.00,745.77,3295.73,0.00,1139.91,1141.41,1923.93,1886.31,1897.81,1896.31,0.000,0.000,0.000,0.000,0.000,0.000,0.000,0.000,0.000,0.000,0.000,0.000,0.000,0.000,0.000,0.000,0.000,0.000,0.000,0.000,0.000,0.000,0.000,0.000,0.000,0.000,0.000,0.000,3.700,9.98,0.00,0.00,0.00,53,123,0.000000,0.000000,0,0
04/06/2026 22:23:31,29.00,28.64,61.21,101149.00,20.44,3.00,0.00,58.87,0.00,746.27,3295.73,0.00,1111.53,1080.28,1923.43,1886.31,1897.81,1896.31,0.000,0.000,0.000,0.000,0.000,0.000,0.000,0.000,0.000,0.000,0.000,0.000,0.000,0.000,0.000,0.000,0.000,0.000,0.000,0.000,0.000,0.000,0.000,0.000,0.000,0.000,0.000,0.000,3.700,9.98,0.00,0.00,0.00,53,123,0.000000,0.000000,0,0
04/06/2026 22:23:41,29.10,28.67,61.15,101144.00,20.44,3.00,0.00,60.40,0.00,743.27,3295.73,0.00,1083.41,1042.53,1922.56,1886.43,1898.06,1896.06,0.000,0.000,0.000,0.000,0.000,0.000,0.000,0.000,0.000,0.000,0.000,0.000,0.000,0.000,0.000,0.000,0.000,0.000,0.000,0.000,0.000,0.000,0.000,0.000,0.000,0.000,0.000,0.000,3.700,9.98,0.00,0.00,0.00,53,123,0.000000,0.000000,0,0
04/06/2026 22:23:51,29.10,28.69,61.09,101158.00,20.45,3.00,0.00,70.69,0.00,742.65,3295.60,0.00,1058.28,1014.28,1921.93,1886.56,1898.31,1895.68,0.000,0.000,0.000,0.000,0.000,0.000,0.000,0.000,0.000,0.000,0.000,0.000,0.000,0.000,0.000,0.000,0.000,0.000,0.000,0.000,0.000,0.000,0.000,0.000,0.000,0.000,0.000,0.000,3.700,9.98,0.00,0.00,0.00,53,123,0.000000,0.000000,0,0
04/06/2026 22:24:01,29.10,28.70,61.12,101156.00,20.46,3.00,0.00,64.78,0.00,741.65,3295.60,0.00,1040.03,994.78,1921.56,1886.56,1898.18,1895.68,0.000,0.000,0.000,0.000,0.000,0.000,0.000,0.000,0.000,0.000,0.000,0.000,0.000,0.000,0.000,0.000,0.000,0.000,0.000,0.000,0.000,0.000,0.000,0.000,0.000,0.000,0.000,0.000,3.700,9.98,0.00,0.00,0.00,53,123,0.000000,0.000000,0,0
04/06/2026 22:24:11,29.20,28.71,61.03,101153.00,20.45,3.00,0.00,59.09,0.00,742.65,3295.73,0.00,1021.78,976.15,1920.43,1886.18,1898.56,1895.81,0.000,0.000,0.000,0.000,0.000,0.000,0.000,0.000,0.000,0.000,0.000,0.000,0.000,0.000,0.000,0.000,0.000,0.000,0.000,0.000,0.000,0.000,0.000,0.000,0.000,0.000,0.000,0.000,3.700,9.98,0.00,0.00,0.00,53,123,0.000000,0.000000,0,0
04/06/2026 22:24:21,29.20,28.72,61.13,101150.00,20.49,3.00,0.00,70.47,0.00,739.65,3295.73,0.00,1004.91,960.15,1919.56,1886.93,1897.93,1895.68,0.000,0.000,0.000,0.000,0.000,0.000,0.000,0.000,0.000,0.000,0.000,0.000,0.000,0.000,0.000,0.000,0.000,0.000,0.000,0.000,0.000,0.000,0.000,0.000,0.000,0.000,0.000,0.000,3.700,9.98,0.00,0.00,0.00,52,123,0.000000,0.000000,0,0
04/06/2026 22:24:31,29.20,28.73,61.18,101147.00,20.51,3.00,0.00,59.96,0.00,740.15,3295.73,0.00,992.91,949.15,1918.81,1887.06,1898.18,1895.56,0.000,0.000,0.000,0.000,0.000,0.000,0.000,0.000,0.000,0.000,0.000,0.000,0.000,0.000,0.000,0.000,0.000,0.000,0.000,0.000,0.000,0.000,0.000,0.000,0.000,0.000,0.000,0.000,3.700,9.98,0.00,0.00,0.00,53,123,0.000000,0.000000,0,0
04/06/2026 22:24:41,29.20,28.74,61.15,101147.00,20.51,3.00,0.00,68.28,0.00,741.02,3295.73,0.00,980.15,936.65,1918.56,1887.18,1898.43,1896.18,0.000,0.000,0.000,0.000,0.000,0.000,0.000,0.000,0.000,0.000,0.000,0.000,0.000,0.000,0.000,0.000,0.000,0.000,0.000,0.000,0.000,0.000,0.000,0.000,0.000,0.000,0.000,0.000,3.700,9.98,0.00,0.00,0.00,53,123,0.000000,0.000000,0,0
04/06/2026 22:24:51,29.20,28.76,61.15,101141.00,20.53,3.00,0.00,62.59,0.00,741.65,3295.73,0.00,967.78,925.03,1918.06,1887.56,1898.31,1896.18,0.000,0.000,0.000,0.000,0.000,0.000,0.000,0.000,0.000,0.000,0.000,0.000,0.000,0.000,0.000,0.000,0.000,0.000,0.000,0.000,0.000,0.000,0.000,0.000,0.000,0.000,0.000,0.000,3.700,9.98,0.00,0.00,0.00,53,123,0.000000,0.000000,0,0
04/06/2026 22:25:01,29.30,28.78,61.15,101138.00,20.55,3.00,0.00,66.09,0.00,741.65,3295.73,0.00,959.78,918.03,1917.43,1887.81,1898.43,1896.31,0.000,0.000,0.000,0.000,0.000,0.000,0.000,0.000,0.000,0.000,0.000,0.000,0.000,0.000,0.000,0.000,0.000,0.000,0.000,0.000,0.000,0.000,0.000,0.000,0.000,0.000,0.000,0.000,3.700,9.98,0.00,0.00,0.00,53,123,0.000000,0.000000,0,0
04/06/2026 22:25:11,29.30,28.79,61.18,101141.00,20.57,3.00,0.00,59.96,0.00,739.52,3295.73,0.00,950.15,909.40,1917.06,1886.68,1898.31,1895.81,0.000,0.000,0.000,0.000,0.000,0.000,0.000,0.000,0.000,0.000,0.000,0.000,0.000,0.000,0.000,0.000,0.000,0.000,0.000,0.000,0.000,0.000,0.000,0.000,0.000,0.000,0.000,0.000,3.700,9.98,0.00,0.00,0.00,52,123,0.000000,0.000000,0,0
04/06/2026 22:25:21,29.30,28.81,61.24,101144.00,20.60,3.00,0.00,66.09,0.00,739.02,3295.73,0.00,938.53,898.90,1916.56,1886.93,1898.43,1895.93,0.000,0.000,0.000,0.000,0.000,0.000,0.000,0.000,0.000,0.000,0.000,0.000,0.000,0.000,0.000,0.000,0.000,0.000,0.000,0.000,0.000,0.000,0.000,0.000,0.000,0.000,0.000,0.000,3.700,9.98,0.00,0.00,0.00,52,123,0.000000,0.000000,0,0
04/06/2026 22:25:31,29.30,28.83,61.27,101138.00,20.62,3.00,0.00,68.28,0.00,741.02,3295.73,0.00,928.53,889.28,1916.31,1886.56,1898.81,1896.81,0.081,0.000,0.000,0.000,0.000,0.000,0.000,0.000,0.000,0.000,0.000,0.000,0.000,0.000,0.000,0.000,0.000,0.000,0.000,0.000,0.000,0.000,0.000,0.000,0.000,0.000,0.000,0.000,3.700,9.98,0.01,0.01,0.01,52,123,0.000000,0.000000,0,0
04/06/2026 22:25:41,29.40,28.85,61.15,101150.00,20.61,3.00,0.00,59.53,0.00,741.02,3295.73,0.00,931.03,892.78,1915.81,1886.68,1898.56,1895.81,0.000,0.000,0.000,0.000,0.000,0.000,0.000,0.000,0.000,0.000,0.000,0.000,0.000,0.000,0.000,0.000,0.000,0.000,0.000,0.000,0.000,0.000,0.000,0.000,0.000,0.000,0.000,0.000,3.700,9.98,0.00,0.00,0.00,53,123,0.000000,0.000000,0,0
04/06/2026 22:25:51,29.40,28.86,61.13,101132.00,20.62,3.00,0.00,64.34,0.00,743.27,3295.73,0.00,921.28,883.40,1915.06,1887.06,1898.56,1895.68,0.000,0.000,0.000,0.000,0.000,0.000,0.000,0.000,0.000,0.000,0.000,0.000,0.000,0.000,0.000,0.000,0.000,0.000,0.000,0.000,0.000,0.000,0.000,0.000,0.000,0.000,0.000,0.000,3.700,9.98,0.00,0.00,0.00,53,123,0.000000,0.000000,0,0
04/06/2026 22:26:01,29.40,28.88,61.13,101144.00,20.64,3.00,0.00,69.37,0.00,741.65,3295.73,0.00,914.65,877.15,1914.56,1887.18,1898.56,1896.06,0.000,0.000,0.000,0.000,0.000,0.000,0.000,0.000,0.000,0.000,0.000,0.000,0.000,0.000,0.000,0.000,0.000,0.000,0.000,0.000,0.000,0.000,0.000,0.000,0.000,0.000,0.000,0.000,3.700,9.98,0.00,0.00,0.00,53,123,0.000000,0.000000,0,0
04/06/2026 22:26:11,29.40,28.89,61.09,101133.00,20.64,3.00,0.00,60.40,0.00,739.65,3295.85,0.00,908.78,872.28,1914.31,1887.06,1898.56,1895.43,0.000,0.000,0.000,0.000,0.000,0.000,0.000,0.000,0.000,0.000,0.000,0.000,0.000,0.000,0.000,0.000,0.000,0.000,0.000,0.000,0.000,0.000,0.000,0.000,0.000,0.000,0.000,0.000,3.700,9.98,0.00,0.00,0.00,53,123,0.000000,0.000000,0,0
04/06/2026 22:26:21,29.50,28.90,61.00,101148.00,20.62,3.00,0.00,60.18,0.00,741.65,3295.73,0.00,902.65,866.78,1914.06,1886.43,1898.81,1895.81,0.000,0.000,0.000,0.000,0.000,0.000,0.000,0.000,0.000,0.000,0.000,0.000,0.000,0.000,0.000,0.000,0.000,0.000,0.000,0.000,0.000,0.000,0.000,0.000,0.000,0.000,0.000,0.000,3.700,9.98,0.00,0.00,0.00,53,123,0.000000,0.000000,0,0
04/06/2026 22:26:31,29.50,28.92,60.98,101145.00,20.64,3.00,0.00,70.25,0.00,742.02,3295.73,0.00,897.65,863.28,1913.31,1886.43,1899.06,1896.06,0.000,0.000,0.000,0.000,0.000,0.000,0.000,0.000,0.000,0.000,0.000,0.000,0.000,0.000,0.000,0.000,0.000,0.000,0.000,0.000,0.000,0.000,0.000,0.000,0.000,0.000,0.000,0.000,3.700,9.98,0.00,0.00,0.00,53,123,0.000000,0.000000,0,0
04/06/2026 22:26:41,29.50,28.94,60.98,101151.00,20.66,3.00,0.00,68.06,0.00,741.65,3295.85,0.00,893.53,859.40,1912.81,1886.43,1898.93,1896.81,0.000,0.000,0.000,0.000,0.000,0.000,0.000,0.000,0.000,0.000,0.000,0.000,0.000,0.000,0.000,0.000,0.000,0.000,0.000,0.000,0.000,0.000,0.000,0.000,0.000,0.000,0.000,0.000,3.700,9.98,0.00,0.00,0.00,53,123,0.000000,0.000000,0,0
04/06/2026 22:26:51,29.50,28.96,60.95,101151.00,20.66,3.00,0.00,58.87,0.00,736.40,3295.73,0.00,888.65,855.15,1912.56,1886.93,1898.68,1896.56,0.000,0.000,0.000,0.000,0.000,0.000,0.000,0.000,0.000,0.000,0.000,0.000,0.000,0.000,0.000,0.000,0.000,0.000,0.000,0.000,0.000,0.000,0.000,0.000,0.000,0.000,0.000,0.000,3.700,9.98,0.00,0.00,0.00,52,123,0.000000,0.000000,0,0
04/06/2026 22:27:01,29.50,28.99,60.92,101142.00,20.68,3.00,0.00,67.19,0.00,738.40,3295.73,0.00,883.40,850.78,1912.06,1887.31,1898.68,1896.43,0.000,0.000,0.000,0.000,0.000,0.000,0.000,0.000,0.000,0.000,0.000,0.000,0.000,0.000,0.000,0.000,0.000,0.000,0.000,0.000,0.000,0.000,0.000,0.000,0.000,0.000,0.000,0.000,3.700,9.98,0.00,0.00,0.00,53,123,0.000000,0.000000,0,0
04/06/2026 22:27:11,29.60,29.00,60.89,101145.00,20.68,3.00,0.00,67.40,0.00,737.40,3295.85,0.00,880.90,849.15,1911.93,1887.18,1898.81,1897.06,0.000,0.000,0.000,0.000,0.000,0.000,0.000,0.000,0.000,0.000,0.000,0.000,0.000,0.000,0.000,0.000,0.000,0.000,0.000,0.000,0.000,0.000,0.000,0.000,0.000,0.000,0.000,0.000,3.700,9.98,0.00,0.00,0.00,53,123,0.000000,0.000000,0,0
04/06/2026 22:27:21,29.60,29.02,60.92,101130.00,20.71,3.00,0.00,60.40,0.00,737.02,3295.73,0.00,876.53,845.28,1912.31,1887.31,1898.81,1896.56,0.000,0.000,0.000,0.000,0.000,0.000,0.000,0.000,0.000,0.000,0.000,0.000,0.000,0.000,0.000,0.000,0.000,0.000,0.000,0.000,0.000,0.000,0.000,0.000,0.000,0.000,0.000,0.000,3.700,9.98,0.00,0.00,0.00,52,123,0.000000,0.000000,0,0
04/06/2026 22:27:31,29.60,29.04,60.92,101142.00,20.73,3.00,0.00,70.69,0.00,735.02,3295.73,0.00,871.65,841.15,1911.43,1886.93,1899.18,1896.31,0.000,0.000,0.000,0.000,0.000,0.000,0.000,0.000,0.000,0.000,0.000,0.000,0.000,0.000,0.000,0.000,0.000,0.000,0.000,0.000,0.000,0.000,0.000,0.000,0.000,0.000,0.000,0.000,3.700,9.98,0.00,0.00,0.00,53,123,0.000000,0.000000,0,0
04/06/2026 22:27:41,29.60,29.05,60.84,101133.00,20.72,3.00,0.00,65.00,0.00,734.90,3295.85,0.00,870.90,840.28,1911.06,1887.43,1898.93,1896.68,0.000,0.000,0.000,0.000,0.000,0.000,0.000,0.000,0.000,0.000,0.000,0.000,0.000,0.000,0.000,0.000,0.000,0.000,0.000,0.000,0.000,0.000,0.000,0.000,0.000,0.000,0.000,0.000,3.700,9.98,0.00,0.00,0.00,52,123,0.000000,0.000000,0,0
04/06/2026 22:27:51,29.70,29.07,60.68,101145.00,20.70,3.00,0.00,60.62,0.00,733.65,3295.73,0.00,867.53,836.65,1910.56,1887.06,1899.06,1896.56,0.000,0.000,0.000,0.000,0.000,0.000,0.000,0.000,0.000,0.000,0.000,0.000,0.000,0.000,0.000,0.000,0.000,0.000,0.000,0.000,0.000,0.000,0.000,0.000,0.000,0.000,0.000,0.000,3.700,9.98,0.00,0.00,0.00,52,123,0.000000,0.000000,0,0
04/06/2026 22:28:01,29.70,29.10,60.57,101145.00,20.69,3.00,0.00,70.69,0.00,735.27,3295.73,0.00,862.90,832.90,1909.93,1886.81,1898.68,1896.43,0.000,0.000,0.000,0.000,0.000,0.000,0.000,0.000,0.000,0.000,0.000,0.000,0.000,0.000,0.000,0.000,0.000,0.000,0.000,0.000,0.000,0.000,0.000,0.000,0.000,0.000,0.000,0.000,3.700,9.98,0.00,0.00,0.00,53,123,0.000000,0.000000,0,0
04/06/2026 22:28:11,29.70,29.11,60.45,101154.00,20.67,3.00,0.00,68.50,0.00,733.27,3295.85,0.00,862.15,832.15,1909.93,1887.06,1898.68,1896.56,0.054,0.000,0.000,0.000,0.000,0.000,0.000,0.000,0.000,0.000,0.000,0.000,0.000,0.000,0.000,0.000,0.000,0.000,0.000,0.000,0.000,0.000,0.000,0.000,0.000,0.000,0.000,0.000,3.700,9.98,0.01,0.01,0.01,53,123,0.000000,0.000000,0,0
04/06/2026 22:28:21,29.70,29.13,60.39,101142.00,20.67,3.00,0.00,58.87,0.00,732.77,3295.85,0.00,858.90,829.65,1909.56,1886.93,1898.81,1896.81,0.000,0.000,0.000,0.000,0.000,0.000,0.000,0.000,0.000,0.000,0.000,0.000,0.000,0.000,0.000,0.000,0.000,0.000,0.000,0.000,0.000,0.000,0.000,0.000,0.000,0.000,0.000,0.000,3.700,9.98,0.00,0.00,0.00,52,123,0.000000,0.000000,0,0
04/06/2026 22:28:31,29.70,29.15,60.30,101142.00,20.67,3.00,0.00,64.34,0.00,731.65,3295.85,0.00,854.65,826.15,1909.31,1887.06,1898.81,1896.56,0.000,0.000,0.000,0.000,0.000,0.000,0.000,0.000,0.000,0.000,0.000,0.000,0.000,0.000,0.000,0.000,0.000,0.000,0.000,0.000,0.000,0.000,0.000,0.000,0.000,0.000,0.000,0.000,3.700,9.98,0.00,0.00,0.00,52,123,0.000000,0.000000,0,0
04/06/2026 22:28:41,29.80,29.16,60.33,101157.00,20.69,3.00,0.00,70.47,0.00,733.77,3295.85,0.00,853.40,825.15,1909.31,1886.93,1898.81,1896.68,0.000,0.000,0.000,0.000,0.000,0.000,0.000,0.000,0.000,0.000,0.000,0.000,0.000,0.000,0.000,0.000,0.000,0.000,0.000,0.000,0.000,0.000,0.000,0.000,0.000,0.000,0.000,0.000,3.700,9.98,0.00,0.00,0.00,53,123,0.000000,0.000000,0,0
04/06/2026 22:28:51,29.80,29.17,60.22,101148.00,20.67,3.00,0.00,64.56,0.00,731.40,3295.85,0.00,851.15,823.78,1908.81,1886.68,1898.93,1897.06,0.000,0.000,0.000,0.000,0.000,0.000,0.000,0.000,0.000,0.000,0.000,0.000,0.000,0.000,0.000,0.000,0.000,0.000,0.000,0.000,0.000,0.000,0.000,0.000,0.000,0.000,0.000,0.000,3.700,9.98,0.00,0.00,0.00,52,123,0.000000,0.000000,0,0
04/06/2026 22:29:01,29.80,29.19,60.10,101145.00,20.65,3.00,0.00,59.96,0.00,733.27,3295.85,0.00,846.90,819.65,1908.18,1886.81,1899.06,1897.31,0.000,0.000,0.000,0.000,0.000,0.000,0.000,0.000,0.000,0.000,0.000,0.000,0.000,0.000,0.000,0.000,0.000,0.000,0.000,0.000,0.000,0.000,0.000,0.000,0.000,0.000,0.000,0.000,3.700,9.98,0.00,0.00,0.00,52,123,0.000000,0.000000,0,0
04/06/2026 22:29:11,29.80,29.20,60.04,101142.00,20.65,3.00,0.00,70.69,0.00,733.65,3295.85,0.00,846.53,819.90,1908.31,1886.93,1899.06,1897.06,0.000,0.000,0.000,0.000,0.000,0.000,0.000,0.000,0.000,0.000,0.000,0.000,0.000,0.000,0.000,0.000,0.000,0.000,0.000,0.000,0.000,0.000,0.000,0.000,0.000,0.000,0.000,0.000,3.700,9.98,0.00,0.00,0.00,53,18,0.000000,0.000000,0,0
04/06/2026 22:29:21,29.80,29.21,60.07,101134.00,20.67,3.00,0.00,60.62,0.00,733.27,3295.85,0.00,843.40,817.27,1908.18,1886.68,1899.43,1897.68,0.000,0.000,0.000,0.000,0.000,0.000,0.000,0.000,0.000,0.000,0.000,0.000,0.000,0.000,0.000,0.000,0.000,0.000,0.000,0.000,0.000,0.000,0.000,0.000,0.000,0.000,0.000,0.000,3.700,9.98,0.00,0.00,0.00,53,18,0.000000,0.000000,0,0
04/06/2026 22:29:31,29.90,29.23,60.01,101146.00,20.67,3.00,0.00,66.53,0.00,733.27,3295.85,0.00,840.40,814.52,1907.81,1886.81,1899.31,1897.18,0.000,0.000,0.000,0.000,0.000,0.000,0.000,0.000,0.000,0.000,0.000,0.000,0.000,0.000,0.000,0.000,0.000,0.000,0.000,0.000,0.000,0.000,0.000,0.000,0.000,0.000,0.000,0.000,3.700,9.98,0.00,0.00,0.00,52,18,0.000000,0.000000,0,0
04/06/2026 22:29:41,29.90,29.25,60.01,101154.00,20.68,3.00,0.00,62.81,0.00,734.40,3295.85,0.00,839.53,813.77,1907.81,1886.43,1899.43,1897.43,0.000,0.000,0.000,0.000,0.000,0.000,0.000,0.000,0.000,0.000,0.000,0.000,0.000,0.000,0.000,0.000,0.000,0.000,0.000,0.000,0.000,0.000,0.000,0.000,0.000,0.000,0.000,0.000,3.700,9.98,0.00,0.00,0.00,53,18,0.000000,0.000000,0,0
04/06/2026 22:29:51,29.90,29.26,59.99,101152.00,20.68,3.00,0.00,63.90,0.00,736.52,3295.85,0.00,837.90,813.02,1907.81,1886.43,1899.06,1897.18,0.000,0.000,0.000,0.000,0.000,0.000,0.000,0.000,0.000,0.000,0.000,0.000,0.000,0.000,0.000,0.000,0.000,0.000,0.000,0.000,0.000,0.000,0.000,0.000,0.000,0.000,0.000,0.000,3.700,9.98,0.00,0.00,0.00,53,18,0.000000,0.000000,0,0
04/06/2026 22:30:01,29.90,29.27,59.96,101146.00,20.69,3.00,0.00,66.75,0.00,736.90,3295.85,0.00,835.65,810.65,1907.56,1887.18,1898.68,1896.68,0.000,0.000,0.000,0.000,0.000,0.000,0.000,0.000,0.000,0.000,0.000,0.000,0.000,0.000,0.000,0.000,0.000,0.000,0.000,0.000,0.000,0.000,0.000,0.000,0.000,0.000,0.000,0.000,3.700,9.98,0.00,0.00,0.00,53,18,0.000000,0.000000,0,0
04/06/2026 22:30:11,29.90,29.29,59.90,101146.00,20.69,3.00,0.00,59.96,0.00,736.40,3295.85,0.00,833.28,809.27,1907.31,1887.31,1899.18,1896.68,0.000,0.000,0.000,0.000,0.000,0.000,0.000,0.000,0.000,0.000,0.000,0.000,0.000,0.000,0.000,0.000,0.000,0.000,0.000,0.000,0.000,0.000,0.000,0.000,0.000,0.000,0.000,0.000,3.700,9.98,0.00,0.00,0.00,52,18,0.000000,0.000000,0,0
04/06/2026 22:30:21,29.90,29.30,59.90,101149.00,20.70,3.00,0.00,70.69,0.00,737.27,3295.85,0.00,831.03,806.65,1907.06,1887.06,1899.18,1896.93,0.000,0.000,0.000,0.000,0.000,0.000,0.000,0.000,0.000,0.000,0.000,0.000,0.000,0.000,0.000,0.000,0.000,0.000,0.000,0.000,0.000,0.000,0.000,0.000,0.000,0.000,0.000,0.000,3.700,9.98,0.00,0.00,0.00,52,18,0.000000,0.000000,0,0
04/06/2026 22:30:31,30.00,29.31,59.87,101149.00,20.70,3.00,0.00,59.53,0.00,733.77,3295.85,0.00,825.40,801.27,1906.81,1887.06,1899.31,1896.93,0.000,0.000,0.000,0.000,0.000,0.000,0.000,0.000,0.000,0.000,0.000,0.000,0.000,0.000,0.000,0.000,0.000,0.000,0.000,0.000,0.000,0.000,0.000,0.000,0.000,0.000,0.000,0.000,3.700,9.98,0.00,0.00,0.00,52,18,0.000000,0.000000,0,0
04/06/2026 22:30:41,30.00,29.32,59.90,101152.00,20.72,3.00,0.00,69.37,0.00,733.27,3295.85,0.00,832.78,809.52,1906.81,1887.18,1899.18,1896.93,0.000,0.000,0.000,0.000,0.000,0.000,0.000,0.000,0.000,0.000,0.000,0.000,0.000,0.000,0.000,0.000,0.000,0.000,0.000,0.000,0.000,0.000,0.000,0.000,0.000,0.000,0.000,0.000,3.700,9.98,0.00,0.00,0.00,53,18,0.000000,0.000000,0,0
04/06/2026 22:30:51,30.00,29.33,59.78,101155.00,20.70,3.00,0.00,64.56,0.00,732.27,3295.85,0.00,830.15,806.65,1906.43,1886.81,1899.43,1897.31,0.000,0.000,0.000,0.000,0.000,0.000,0.000,0.000,0.000,0.000,0.000,0.000,0.000,0.000,0.000,0.000,0.000,0.000,0.000,0.000,0.000,0.000,0.000,0.000,0.000,0.000,0.000,0.000,3.700,9.98,0.00,0.00,0.00,53,18,0.000000,0.000000,0,0
04/06/2026 22:31:01,30.00,29.34,59.69,101152.00,20.68,3.00,0.00,66.53,0.00,734.90,3295.85,0.00,826.90,803.52,1906.43,1887.06,1899.06,1897.06,0.000,0.000,0.000,0.000,0.000,0.000,0.000,0.000,0.000,0.000,0.000,0.000,0.000,0.000,0.000,0.000,0.000,0.000,0.000,0.000,0.000,0.000,0.000,0.000,0.000,0.000,0.000,0.000,3.700,9.98,0.00,0.00,0.00,52,18,0.000000,0.000000,0,0
04/06/2026 22:31:11,30.00,29.36,59.63,101149.00,20.69,3.00,0.00,60.84,0.00,733.27,3295.85,0.00,823.53,800.65,1907.31,1887.43,1899.06,1896.56,0.000,0.000,0.000,0.000,0.000,0.000,0.000,0.000,0.000,0.000,0.000,0.000,0.000,0.000,0.000,0.000,0.000,0.000,0.000,0.000,0.000,0.000,0.000,0.000,0.000,0.000,0.000,0.000,3.700,9.98,0.00,0.00,0.00,52,18,0.000000,0.000000,0,0
04/06/2026 22:31:21,30.00,29.37,59.52,101146.00,20.67,3.00,0.00,70.25,0.00,731.27,3295.85,0.00,824.78,801.77,1907.06,1887.31,1898.93,1896.81,0.000,0.000,0.000,0.000,0.000,0.000,0.000,0.000,0.000,0.000,0.000,0.000,0.000,0.000,0.000,0.000,0.000,0.000,0.000,0.000,0.000,0.000,0.000,0.000,0.000,0.000,0.000,0.000,3.700,9.98,0.00,0.00,0.00,53,18,0.000000,0.000000,0,0
04/06/2026 22:31:31,30.10,29.37,59.40,101155.00,20.64,3.00,0.00,58.65,0.00,733.65,3295.85,0.00,822.40,799.52,1905.68,1886.93,1899.06,1897.18,0.000,0.000,0.000,0.000,0.000,0.000,0.000,0.000,0.000,0.000,0.000,0.000,0.000,0.000,0.000,0.000,0.000,0.000,0.000,0.000,0.000,0.000,0.000,0.000,0.000,0.000,0.000,0.000,3.700,9.98,0.00,0.00,0.00,53,18,0.000000,0.000000,0,0
04/06/2026 22:31:41,30.10,29.38,59.40,101146.00,20.65,3.00,0.00,70.25,0.00,734.40,3295.98,0.00,819.53,797.52,1905.18,1887.43,1899.31,1897.06,0.000,0.000,0.000,0.000,0.000,0.000,0.000,0.000,0.000,0.000,0.000,0.000,0.000,0.000,0.000,0.000,0.000,0.000,0.000,0.000,0.000,0.000,0.000,0.000,0.000,0.000,0.000,0.000,3.700,9.98,0.00,0.00,0.00,53,18,0.000000,0.000000,0,0
04/06/2026 22:31:51,30.10,29.40,59.40,101140.00,20.66,3.00,0.00,59.53,0.00,729.27,3295.98,0.00,819.78,798.52,1904.93,1887.06,1899.31,1897.06,0.000,0.000,0.000,0.000,0.000,0.000,0.000,0.000,0.000,0.000,0.000,0.000,0.000,0.000,0.000,0.000,0.000,0.000,0.000,0.000,0.000,0.000,0.000,0.000,0.000,0.000,0.000,0.000,3.700,9.98,0.00,0.00,0.00,53,18,0.000000,0.000000,0,0
04/06/2026 22:32:01,30.10,29.41,59.31,101146.00,20.64,3.00,0.00,70.03,0.00,731.65,3296.10,0.00,817.65,796.15,1904.56,1886.31,1899.43,1897.31,0.000,0.000,0.000,0.000,0.000,0.000,0.000,0.000,0.000,0.000,0.000,0.000,0.000,0.000,0.000,0.000,0.000,0.000,0.000,0.000,0.000,0.000,0.000,0.000,0.000,0.000,0.000,0.000,3.700,9.98,0.00,0.00,0.00,53,18,0.000000,0.000000,0,0
04/06/2026 22:32:11,30.10,29.42,59.31,101128.00,20.65,3.00,0.00,58.65,0.00,729.15,3296.23,0.00,815.15,794.02,1904.31,1886.56,1899.31,1897.43,0.000,0.000,0.000,0.000,0.000,0.000,0.000,0.000,0.000,0.000,0.000,0.000,0.000,0.000,0.000,0.000,0.000,0.000,0.000,0.000,0.000,0.000,0.000,0.000,0.000,0.000,0.000,0.000,3.700,9.98,0.00,0.00,0.00,53,18,0.000000,0.000000,0,0
04/06/2026 22:32:21,30.10,29.42,59.34,101143.00,20.66,3.00,0.00,68.50,0.00,730.15,3296.10,0.00,815.90,795.40,1904.56,1887.18,1899.18,1897.18,0.000,0.000,0.000,0.000,0.000,0.000,0.000,0.000,0.000,0.000,0.000,0.000,0.000,0.000,0.000,0.000,0.000,0.000,0.000,0.000,0.000,0.000,0.000,0.000,0.000,0.000,0.000,0.000,3.700,9.98,0.00,0.00,0.00,53,18,0.000000,0.000000,0,0
04/06/2026 22:32:31,30.10,29.43,59.37,101140.00,20.68,3.00,0.00,66.53,0.00,727.52,3296.10,0.00,814.15,794.15,1904.56,1886.93,1899.43,1897.18,0.000,0.000,0.000,0.000,0.000,0.000,0.000,0.000,0.000,0.000,0.000,0.000,0.000,0.000,0.000,0.000,0.000,0.000,0.000,0.000,0.000,0.000,0.000,0.000,0.000,0.000,0.000,0.000,3.700,9.98,0.00,0.00,0.00,52,18,0.000000,0.000000,0,0
04/06/2026 22:32:41,30.10,29.45,59.34,101140.00,20.69,3.00,0.00,59.09,0.00,728.65,3296.23,0.00,811.65,791.65,1904.43,1886.31,1899.56,1897.18,0.000,0.000,0.000,0.000,0.000,0.000,0.000,0.000,0.000,0.000,0.000,0.000,0.000,0.000,0.000,0.000,0.000,0.000,0.000,0.000,0.000,0.000,0.000,0.000,0.000,0.000,0.000,0.000,3.700,9.98,0.00,0.00,0.00,52,18,0.000000,0.000000,0,0
04/06/2026 22:32:51,30.10,29.45,59.31,101155.00,20.68,3.00,0.00,58.65,0.00,731.15,3296.10,0.00,813.15,793.02,1904.56,1886.43,1899.68,1896.81,0.000,0.000,0.000,0.000,0.000,0.000,0.000,0.000,0.000,0.000,0.000,0.000,0.000,0.000,0.000,0.000,0.000,0.000,0.000,0.000,0.000,0.000,0.000,0.000,0.000,0.000,0.000,0.000,3.700,9.98,0.00,0.00,0.00,53,18,0.000000,0.000000,0,0
04/06/2026 22:33:01,30.10,29.46,59.31,101152.00,20.69,3.00,0.00,60.18,0.00,729.15,3296.23,0.00,811.52,791.52,1904.06,1886.31,1899.81,1897.31,0.000,0.000,0.000,0.000,0.000,0.000,0.000,0.000,0.000,0.000,0.000,0.000,0.000,0.000,0.000,0.000,0.000,0.000,0.000,0.000,0.000,0.000,0.000,0.000,0.000,0.000,0.000,0.000,3.700,9.98,0.00,0.00,0.00,52,18,0.000000,0.000000,0,0
04/06/2026 22:33:11,30.10,29.46,59.31,101143.00,20.69,3.00,0.00,67.19,0.00,730.02,3296.23,0.00,808.90,789.27,1903.56,1886.93,1899.81,1897.31,0.000,0.000,0.000,0.000,0.000,0.000,0.000,0.000,0.000,0.000,0.000,0.000,0.000,0.000,0.000,0.000,0.000,0.000,0.000,0.000,0.000,0.000,0.000,0.000,0.000,0.000,0.000,0.000,3.700,9.98,0.00,0.00,0.00,52,18,0.000000,0.000000,0,0
04/06/2026 22:33:21,30.10,29.47,59.34,101149.00,20.71,3.00,0.00,66.31,0.00,730.65,3296.10,0.00,809.77,790.90,1903.31,1886.93,1899.43,1896.81,0.000,0.000,0.000,0.000,0.000,0.000,0.000,0.000,0.000,0.000,0.000,0.000,0.000,0.000,0.000,0.000,0.000,0.000,0.000,0.000,0.000,0.000,0.000,0.000,0.000,0.000,0.000,0.000,3.700,9.98,0.00,0.00,0.00,53,18,0.000000,0.000000,0,0
04/06/2026 22:33:31,30.20,29.48,59.34,101146.00,20.72,3.00,0.00,58.87,0.00,730.77,3296.23,0.00,808.15,789.15,1903.43,1886.56,1899.31,1896.68,0.000,0.000,0.000,0.000,0.000,0.000,0.000,0.000,0.000,0.000,0.000,0.000,0.000,0.000,0.000,0.000,0.000,0.000,0.000,0.000,0.000,0.000,0.000,0.000,0.000,0.000,0.000,0.000,3.700,9.98,0.00,0.00,0.00,53,18,0.000000,0.000000,0,0
04/06/2026 22:33:41,30.20,29.48,59.34,101152.00,20.72,3.00,0.00,63.90,0.00,731.52,3296.23,0.00,805.90,786.52,1903.43,1886.56,1899.81,1897.56,0.027,0.000,0.000,0.000,0.000,0.000,0.000,0.000,0.000,0.000,0.000,0.000,0.000,0.000,0.000,0.000,0.000,0.000,0.000,0.000,0.000,0.000,0.000,0.000,0.000,0.000,0.000,0.000,3.700,9.98,0.00,0.00,0.00,52,18,0.000000,0.000000,0,0
04/06/2026 22:33:51,30.20,29.49,59.34,101146.00,20.73,3.00,0.00,70.69,0.00,733.90,3296.10,0.00,806.90,788.02,1903.43,1886.81,1899.43,1897.18,0.000,0.000,0.000,0.000,0.000,0.000,0.000,0.000,0.000,0.000,0.000,0.000,0.000,0.000,0.000,0.000,0.000,0.000,0.000,0.000,0.000,0.000,0.000,0.000,0.000,0.000,0.000,0.000,3.700,9.98,0.00,0.00,0.00,53,18,0.000000,0.000000,0,0
04/06/2026 22:34:01,30.20,29.50,59.37,101149.00,20.75,3.00,0.00,69.59,0.00,732.40,3296.23,0.00,805.65,787.40,1903.43,1886.81,1899.56,1896.93,0.027,0.000,0.000,0.000,0.000,0.000,0.000,0.000,0.000,0.000,0.000,0.000,0.000,0.000,0.000,0.000,0.000,0.000,0.000,0.000,0.000,0.000,0.000,0.000,0.000,0.000,0.000,0.000,3.700,9.98,0.00,0.00,0.00,52,18,0.000000,0.000000,0,0
04/06/2026 22:34:11,30.20,29.50,59.34,101134.00,20.74,3.00,0.00,67.40,0.00,734.77,3296.23,0.00,803.52,784.90,1903.06,1886.31,1899.56,1896.68,0.108,0.000,0.000,0.000,0.000,0.000,0.000,0.000,0.000,0.000,0.000,0.000,0.000,0.000,0.000,0.000,0.000,0.000,0.000,0.000,0.000,0.000,0.000,0.000,0.000,0.000,0.000,0.000,3.700,9.98,0.01,0.01,0.01,52,18,0.000000,0.000000,0,0
04/06/2026 22:34:21,30.20,29.51,59.34,101155.00,20.75,3.00,0.00,66.75,0.00,734.27,3296.10,0.00,804.65,786.27,1903.06,1886.18,1899.56,1896.93,0.000,0.000,0.000,0.000,0.000,0.000,0.000,0.000,0.000,0.000,0.000,0.000,0.000,0.000,0.000,0.000,0.000,0.000,0.000,0.000,0.000,0.000,0.000,0.000,0.000,0.000,0.000,0.000,3.700,9.98,0.00,0.00,0.00,53,18,0.000000,0.000000,0,0
04/06/2026 22:34:31,30.20,29.51,59.16,101143.00,20.70,3.00,0.00,70.25,0.00,733.27,3296.23,0.00,804.52,785.15,1902.43,1886.31,1899.56,1897.43,0.000,0.000,0.000,0.000,0.000,0.000,0.000,0.000,0.000,0.000,0.000,0.000,0.000,0.000,0.000,0.000,0.000,0.000,0.000,0.000,0.000,0.000,0.000,0.000,0.000,0.000,0.000,0.000,3.700,9.98,0.00,0.00,0.00,53,18,0.000000,0.000000,0,0
04/06/2026 22:34:41,30.20,29.52,59.19,101134.00,20.72,3.00,0.00,63.68,0.00,733.52,3296.23,0.00,801.77,783.27,1902.18,1887.18,1899.31,1897.81,0.000,0.000,0.000,0.000,0.000,0.000,0.000,0.000,0.000,0.000,0.000,0.000,0.000,0.000,0.000,0.000,0.000,0.000,0.000,0.000,0.000,0.000,0.000,0.000,0.000,0.000,0.000,0.000,3.700,9.98,0.00,0.00,0.00,52,18,0.000000,0.000000,0,0
04/06/2026 22:34:51,30.20,29.52,59.26,101149.00,20.74,3.00,0.00,58.65,0.00,733.15,3296.23,0.00,801.52,784.02,1902.18,1886.56,1899.56,1897.56,0.000,0.000,0.000,0.000,0.000,0.000,0.000,0.000,0.000,0.000,0.000,0.000,0.000,0.000,0.000,0.000,0.000,0.000,0.000,0.000,0.000,0.000,0.000,0.000,0.000,0.000,0.000,0.000,3.700,9.98,0.00,0.00,0.00,53,18,0.000000,0.000000,0,0
04/06/2026 22:35:01,30.20,29.53,59.23,101164.00,20.74,3.00,0.00,70.47,0.00,732.27,3296.23,0.00,801.65,783.77,1902.18,1886.43,1899.31,1897.43,0.000,0.000,0.000,0.000,0.000,0.000,0.000,0.000,0.000,0.000,0.000,0.000,0.000,0.000,0.000,0.000,0.000,0.000,0.000,0.000,0.000,0.000,0.000,0.000,0.000,0.000,0.000,0.000,3.700,9.98,0.00,0.00,0.00,53,18,0.000000,0.000000,0,0
04/06/2026 22:35:11,30.20,29.55,59.16,101140.00,20.73,3.00,0.00,58.65,0.00,733.02,3296.23,0.00,800.15,782.02,1902.06,1886.06,1899.81,1897.56,0.000,0.000,0.000,0.000,0.000,0.000,0.000,0.000,0.000,0.000,0.000,0.000,0.000,0.000,0.000,0.000,0.000,0.000,0.000,0.000,0.000,0.000,0.000,0.000,0.000,0.000,0.000,0.000,3.700,9.98,0.00,0.00,0.00,53,18,0.000000,0.000000,0,0
04/06/2026 22:35:21,30.20,29.56,59.25,101146.00,20.76,3.00,0.00,70.69,0.00,729.90,3296.10,0.00,798.40,781.40,1902.06,1886.06,1899.43,1897.31,0.000,0.000,0.000,0.000,0.000,0.000,0.000,0.000,0.000,0.000,0.000,0.000,0.000,0.000,0.000,0.000,0.000,0.000,0.000,0.000,0.000,0.000,0.000,0.000,0.000,0.000,0.000,0.000,3.700,9.98,0.00,0.00,0.00,53,18,0.000000,0.000000,0,0
04/06/2026 22:35:31,30.20,29.56,59.19,101140.00,20.75,46.00,0.00,58.65,0.00,729.65,3296.35,0.00,791.65,774.27,1902.18,1886.56,1899.81,1897.68,0.000,0.000,0.000,0.000,0.000,0.000,0.000,0.000,0.000,0.000,0.000,0.000,0.000,0.000,0.000,0.000,0.000,0.000,0.000,0.000,0.000,0.000,0.000,0.000,0.000,0.000,0.000,0.000,3.700,9.98,0.00,0.00,0.00,52,18,0.000000,0.000000,0,0
04/06/2026 22:35:41,30.20,29.57,59.28,101178.00,20.78,4.00,0.00,69.37,0.00,732.02,3296.23,0.00,802.15,785.52,1902.06,1886.81,1899.81,1897.68,0.000,0.000,0.000,0.000,0.000,0.000,0.000,0.000,0.000,0.000,0.000,0.000,0.000,0.000,0.000,0.000,0.000,0.000,0.000,0.000,0.000,0.000,0.000,0.000,0.000,0.000,0.000,0.000,3.700,9.98,0.00,0.00,0.00,52,18,0.000000,0.000000,0,0
04/06/2026 22:35:51,30.20,29.58,59.19,101149.00,20.77,115.00,0.00,65.00,0.00,728.15,3296.10,0.00,798.90,782.52,1901.93,1886.93,1900.06,1897.68,0.000,0.000,0.000,0.000,0.000,0.000,0.000,0.000,0.000,0.000,0.000,0.000,0.000,0.000,0.000,0.000,0.000,0.000,0.000,0.000,0.000,0.000,0.000,0.000,0.000,0.000,0.000,0.000,3.700,9.98,0.00,0.00,0.00,53,18,0.000000,0.000000,0,0
04/06/2026 22:36:01,30.20,29.58,59.04,101144.00,20.73,6.00,0.00,59.09,0.00,728.65,3296.23,0.00,798.27,781.15,1901.43,1886.93,1899.81,1897.31,0.000,0.000,0.000,0.000,0.000,0.000,0.000,0.000,0.000,0.000,0.000,0.000,0.000,0.000,0.000,0.000,0.000,0.000,0.000,0.000,0.000,0.000,0.000,0.000,0.000,0.000,0.000,0.000,3.700,9.98,0.00,0.00,0.00,52,18,0.000000,0.000000,0,0
04/06/2026 22:36:11,30.20,29.57,58.99,101149.00,20.70,3.00,0.00,58.65,0.00,728.90,3296.23,0.00,796.90,779.27,1901.18,1886.31,1899.56,1897.81,0.000,0.000,0.000,0.000,0.000,0.000,0.000,0.000,0.000,0.000,0.000,0.000,0.000,0.000,0.000,0.000,0.000,0.000,0.000,0.000,0.000,0.000,0.000,0.000,0.000,0.000,0.000,0.000,3.700,9.98,0.00,0.00,0.00,52,18,0.000000,0.000000,0,0
04/06/2026 22:36:21,30.20,29.58,59.10,101149.00,20.74,3.00,0.00,59.09,0.00,729.15,3296.23,0.00,793.77,777.77,1901.43,1886.68,1899.68,1897.81,0.000,0.000,0.000,0.000,0.000,0.000,0.000,0.000,0.000,0.000,0.000,0.000,0.000,0.000,0.000,0.000,0.000,0.000,0.000,0.000,0.000,0.000,0.000,0.000,0.000,0.000,0.000,0.000,3.700,9.98,0.00,0.00,0.00,52,18,0.000000,0.000000,0,0
04/06/2026 22:36:31,30.20,29.59,59.01,101158.00,20.73,3.00,0.00,63.47,0.00,730.02,3296.23,0.00,796.15,779.27,1901.18,1886.56,1899.43,1897.43,0.000,0.000,0.000,0.000,0.000,0.000,0.000,0.000,0.000,0.000,0.000,0.000,0.000,0.000,0.000,0.000,0.000,0.000,0.000,0.000,0.000,0.000,0.000,0.000,0.000,0.000,0.000,0.000,3.700,9.98,0.00,0.00,0.00,52,18,0.000000,0.000000,0,0
04/06/2026 22:36:41,30.30,29.59,58.99,101149.00,20.72,3.00,0.00,64.56,0.00,728.27,3296.23,0.00,795.15,778.52,1901.31,1886.56,1899.81,1897.68,0.000,0.000,0.000,0.000,0.000,0.000,0.000,0.000,0.000,0.000,0.000,0.000,0.000,0.000,0.000,0.000,0.000,0.000,0.000,0.000,0.000,0.000,0.000,0.000,0.000,0.000,0.000,0.000,3.700,9.98,0.00,0.00,0.00,52,18,0.000000,0.000000,0,0
04/06/2026 22:36:51,30.30,29.59,59.01,101158.00,20.73,3.00,0.00,70.47,0.00,729.90,3296.10,0.00,792.02,776.02,1900.93,1886.43,1899.43,1897.56,0.000,0.000,0.000,0.000,0.000,0.000,0.000,0.000,0.000,0.000,0.000,0.000,0.000,0.000,0.000,0.000,0.000,0.000,0.000,0.000,0.000,0.000,0.000,0.000,0.000,0.000,0.000,0.000,3.700,9.98,0.00,0.00,0.00,52,18,0.000000,0.000000,0,0
04/06/2026 22:37:01,30.30,29.60,58.96,101155.00,20.72,3.00,0.00,69.37,0.00,729.52,3296.23,0.00,795.02,778.65,1900.93,1886.81,1899.43,1897.43,0.000,0.000,0.000,0.000,0.000,0.000,0.000,0.000,0.000,0.000,0.000,0.000,0.000,0.000,0.000,0.000,0.000,0.000,0.000,0.000,0.000,0.000,0.000,0.000,0.000,0.000,0.000,0.000,3.700,9.98,0.00,0.00,0.00,53,18,0.000000,0.000000,0,0
04/06/2026 22:37:11,30.30,29.60,58.93,101149.00,20.72,3.00,0.00,68.06,0.00,729.77,3296.23,0.00,792.65,776.65,1900.56,1886.81,1899.18,1897.18,0.027,0.000,0.000,0.000,0.000,0.000,0.000,0.000,0.000,0.000,0.000,0.000,0.000,0.000,0.000,0.000,0.000,0.000,0.000,0.000,0.000,0.000,0.000,0.000,0.000,0.000,0.000,0.000,3.700,9.98,0.00,0.00,0.00,52,18,0.000000,0.000000,0,0
04/06/2026 22:37:21,30.30,29.61,58.96,101147.00,20.73,3.00,0.00,66.97,0.00,730.02,3296.10,0.00,790.27,774.65,1900.56,1886.68,1899.56,1897.43,0.000,0.000,0.000,0.000,0.000,0.000,0.000,0.000,0.000,0.000,0.000,0.000,0.000,0.000,0.000,0.000,0.000,0.000,0.000,0.000,0.000,0.000,0.000,0.000,0.000,0.000,0.000,0.000,3.700,9.98,0.00,0.00,0.00,52,18,0.000000,0.000000,0,0
04/06/2026 22:37:31,30.30,29.61,58.96,101135.00,20.73,3.00,0.00,68.94,0.00,729.65,3296.23,0.00,792.90,777.15,1900.81,1887.06,1899.68,1897.81,0.054,0.000,0.000,0.000,0.000,0.000,0.000,0.000,0.000,0.000,0.000,0.000,0.000,0.000,0.000,0.000,0.000,0.000,0.000,0.000,0.000,0.000,0.000,0.000,0.000,0.000,0.000,0.000,3.700,9.98,0.01,0.01,0.01,52,18,0.000000,0.000000,0,0
04/06/2026 22:37:41,30.30,29.62,58.96,101147.00,20.74,3.00,0.00,69.81,0.00,733.02,3296.23,0.00,791.02,775.65,1900.56,1886.68,1899.81,1897.56,0.000,0.000,0.000,0.000,0.000,0.000,0.000,0.000,0.000,0.000,0.000,0.000,0.000,0.000,0.000,0.000,0.000,0.000,0.000,0.000,0.000,0.000,0.000,0.000,0.000,0.000,0.000,0.000,3.700,9.98,0.00,0.00,0.00,52,18,0.000000,0.000000,0,0
04/06/2026 22:37:51,30.30,29.62,58.96,101144.00,20.74,3.00,0.00,67.84,0.00,732.02,3296.10,0.00,789.40,774.15,1900.68,1886.43,1899.81,1897.56,0.000,0.000,0.000,0.000,0.000,0.000,0.000,0.000,0.000,0.000,0.000,0.000,0.000,0.000,0.000,0.000,0.000,0.000,0.000,0.000,0.000,0.000,0.000,0.000,0.000,0.000,0.000,0.000,3.700,9.98,0.00,0.00,0.00,52,18,0.000000,0.000000,0,0
04/06/2026 22:38:01,30.30,29.63,58.96,101144.00,20.75,3.00,0.00,60.62,0.00,730.02,3296.23,0.00,791.40,776.40,1900.68,1887.18,1899.68,1897.18,0.000,0.000,0.000,0.000,0.000,0.000,0.000,0.000,0.000,0.000,0.000,0.000,0.000,0.000,0.000,0.000,0.000,0.000,0.000,0.000,0.000,0.000,0.000,0.000,0.000,0.000,0.000,0.000,3.700,9.98,0.00,0.00,0.00,52,18,0.000000,0.000000,0,0
04/06/2026 22:38:11,30.30,29.63,58.96,101144.00,20.75,3.00,0.00,58.65,0.00,731.90,3296.23,0.00,789.90,774.65,1900.31,1886.56,1899.56,1896.81,0.000,0.000,0.000,0.000,0.000,0.000,0.000,0.000,0.000,0.000,0.000,0.000,0.000,0.000,0.000,0.000,0.000,0.000,0.000,0.000,0.000,0.000,0.000,0.000,0.000,0.000,0.000,0.000,3.700,9.98,0.00,0.00,0.00,52,18,0.000000,0.000000,0,0
04/06/2026 22:38:21,30.30,29.64,58.96,101147.00,20.76,3.00,0.00,65.43,0.00,734.65,3296.23,0.00,788.27,773.02,1900.56,1886.43,1899.93,1896.56,0.000,0.000,0.000,0.000,0.000,0.000,0.000,0.000,0.000,0.000,0.000,0.000,0.000,0.000,0.000,0.000,0.000,0.000,0.000,0.000,0.000,0.000,0.000,0.000,0.000,0.000,0.000,0.000,3.700,9.98,0.00,0.00,0.00,53,18,0.000000,0.000000,0,0
04/06/2026 22:38:31,30.30,29.63,59.01,101153.00,20.77,3.00,0.00,70.03,0.00,734.40,3296.23,0.00,789.65,774.65,1900.18,1886.56,1899.56,1897.18,0.000,0.000,0.000,0.000,0.000,0.000,0.000,0.000,0.000,0.000,0.000,0.000,0.000,0.000,0.000,0.000,0.000,0.000,0.000,0.000,0.000,0.000,0.000,0.000,0.000,0.000,0.000,0.000,3.700,9.98,0.00,0.00,0.00,53,18,0.000000,0.000000,0,0
04/06/2026 22:38:41,30.30,29.64,59.01,101150.00,20.78,3.00,0.00,65.43,0.00,733.40,3296.23,0.00,788.65,774.02,1900.18,1886.68,1899.81,1897.31,0.000,0.000,0.000,0.000,0.000,0.000,0.000,0.000,0.000,0.000,0.000,0.000,0.000,0.000,0.000,0.000,0.000,0.000,0.000,0.000,0.000,0.000,0.000,0.000,0.000,0.000,0.000,0.000,3.700,9.98,0.00,0.00,0.00,52,18,0.000000,0.000000,0,0
04/06/2026 22:38:51,30.30,29.65,59.01,101150.00,20.79,3.00,0.00,62.15,0.00,731.90,3296.23,0.00,786.52,771.90,1900.31,1886.68,1899.93,1897.43,0.000,0.000,0.000,0.000,0.000,0.000,0.000,0.000,0.000,0.000,0.000,0.000,0.000,0.000,0.000,0.000,0.000,0.000,0.000,0.000,0.000,0.000,0.000,0.000,0.000,0.000,0.000,0.000,3.700,9.98,0.00,0.00,0.00,52,18,0.000000,0.000000,0,0
04/06/2026 22:39:01,30.30,29.65,59.10,101147.00,20.81,3.00,0.00,58.87,0.00,730.77,3296.23,0.00,788.40,773.90,1900.31,1886.68,1899.93,1897.18,0.000,0.000,0.000,0.000,0.000,0.000,0.000,0.000,0.000,0.000,0.000,0.000,0.000,0.000,0.000,0.000,0.000,0.000,0.000,0.000,0.000,0.000,0.000,0.000,0.000,0.000,0.000,0.000,3.700,9.98,0.00,0.00,0.00,52,18,0.000000,0.000000,0,0
04/06/2026 22:39:11,30.30,29.66,59.10,101150.00,20.82,3.00,0.00,60.62,0.00,730.27,3296.23,0.00,786.90,772.77,1900.06,1886.68,1899.68,1896.68,0.000,0.000,0.000,0.000,0.000,0.000,0.000,0.000,0.000,0.000,0.000,0.000,0.000,0.000,0.000,0.000,0.000,0.000,0.000,0.000,0.000,0.000,0.000,0.000,0.000,0.000,0.000,0.000,3.700,9.98,0.00,0.00,0.00,52,18,0.000000,0.000000,0,0
04/06/2026 22:39:21,30.30,29.66,59.10,101138.00,20.82,3.00,0.00,62.15,0.00,731.15,3296.23,0.00,785.65,771.52,1899.93,1887.18,1899.81,1897.56,0.000,0.000,0.000,0.000,0.000,0.000,0.000,0.000,0.000,0.000,0.000,0.000,0.000,0.000,0.000,0.000,0.000,0.000,0.000,0.000,0.000,0.000,0.000,0.000,0.000,0.000,0.000,0.000,3.700,9.98,0.00,0.00,0.00,52,18,0.000000,0.000000,0,0
04/06/2026 22:39:31,30.30,29.66,59.10,101147.00,20.82,3.00,0.00,65.22,0.00,732.27,3296.23,0.00,786.77,772.40,1900.06,1886.43,1899.81,1897.56,0.000,0.000,0.000,0.000,0.000,0.000,0.000,0.000,0.000,0.000,0.000,0.000,0.000,0.000,0.000,0.000,0.000,0.000,0.000,0.000,0.000,0.000,0.000,0.000,0.000,0.000,0.000,0.000,3.700,9.98,0.00,0.00,0.00,53,18,0.000000,0.000000,0,0
04/06/2026 22:39:41,30.30,29.67,59.13,101132.00,20.84,3.00,0.00,63.25,0.00,731.02,3296.23,0.00,786.15,772.27,1899.81,1886.68,1899.93,1897.06,0.000,0.000,0.000,0.000,0.000,0.000,0.000,0.000,0.000,0.000,0.000,0.000,0.000,0.000,0.000,0.000,0.000,0.000,0.000,0.000,0.000,0.000,0.000,0.000,0.000,0.000,0.000,0.000,3.700,9.98,0.00,0.00,0.00,52,18,0.000000,0.000000,0,0
04/06/2026 22:39:51,30.30,29.69,59.13,101150.00,20.85,3.00,0.00,63.90,0.00,728.90,3296.10,0.00,783.77,769.77,1900.31,1887.31,1899.81,1897.56,0.000,0.000,0.000,0.000,0.000,0.000,0.000,0.000,0.000,0.000,0.000,0.000,0.000,0.000,0.000,0.000,0.000,0.000,0.000,0.000,0.000,0.000,0.000,0.000,0.000,0.000,0.000,0.000,3.700,9.98,0.00,0.00,0.00,52,18,0.000000,0.000000,0,0
04/06/2026 22:40:01,30.30,29.69,59.13,101141.00,20.85,3.00,0.00,64.12,0.00,729.65,3296.10,0.00,785.52,772.02,1899.68,1886.56,1899.93,1897.68,0.000,0.000,0.000,0.000,0.000,0.000,0.000,0.000,0.000,0.000,0.000,0.000,0.000,0.000,0.000,0.000,0.000,0.000,0.000,0.000,0.000,0.000,0.000,0.000,0.000,0.000,0.000,0.000,3.700,9.98,0.00,0.00,0.00,52,18,0.000000,0.000000,0,0
04/06/2026 22:40:11,30.30,29.70,59.19,101141.00,20.88,91.00,0.00,59.74,0.00,729.90,3296.10,0.00,784.77,771.02,1899.81,1886.56,1900.18,1897.68,0.000,0.000,0.000,0.000,0.000,0.000,0.000,0.000,0.000,0.000,0.000,0.000,0.000,0.000,0.000,0.000,0.000,0.000,0.000,0.000,0.000,0.000,0.000,0.000,0.000,0.000,0.000,0.000,3.700,9.98,0.00,0.00,0.00,52,18,0.000000,0.000000,0,0
04/06/2026 22:40:21,30.30,29.70,59.13,101141.00,20.86,3.00,0.00,64.34,0.00,730.15,3296.10,0.00,781.65,767.40,1899.68,1886.93,1900.18,1897.43,0.000,0.000,0.000,0.000,0.000,0.000,0.000,0.000,0.000,0.000,0.000,0.000,0.000,0.000,0.000,0.000,0.000,0.000,0.000,0.000,0.000,0.000,0.000,0.000,0.000,0.000,0.000,0.000,3.700,9.98,0.00,0.00,0.00,50,18,0.000000,0.000000,0,0
04/06/2026 22:40:31,30.40,29.71,59.31,101141.00,20.92,3.00,0.00,70.69,0.00,728.02,3296.10,0.00,778.15,764.40,1899.56,1886.31,1900.31,1897.31,0.000,0.000,0.000,0.000,0.000,0.000,0.000,0.000,0.000,0.000,0.000,0.000,0.000,0.000,0.000,0.000,0.000,0.000,0.000,0.000,0.000,0.000,0.000,0.000,0.000,0.000,0.000,0.000,3.700,9.98,0.00,0.00,0.00,52,18,0.000000,0.000000,0,0
04/06/2026 22:40:41,30.30,29.71,59.39,101141.00,20.94,3.00,0.00,70.69,0.00,729.40,3295.98,0.00,788.40,775.65,1900.18,1886.43,1900.06,1897.06,0.000,0.000,0.000,0.000,0.000,0.000,0.000,0.000,0.000,0.000,0.000,0.000,0.000,0.000,0.000,0.000,0.000,0.000,0.000,0.000,0.000,0.000,0.000,0.000,0.000,0.000,0.000,0.000,3.700,9.98,0.00,0.00,0.00,52,18,0.000000,0.000000,0,0
04/06/2026 22:40:51,30.40,29.71,59.37,101144.00,20.94,3.00,0.00,68.94,0.00,730.90,3296.10,0.00,784.65,771.40,1899.81,1886.43,1900.18,1897.06,0.000,0.000,0.000,0.000,0.000,0.000,0.000,0.000,0.000,0.000,0.000,0.000,0.000,0.000,0.000,0.000,0.000,0.000,0.000,0.000,0.000,0.000,0.000,0.000,0.000,0.000,0.000,0.000,3.700,9.98,0.00,0.00,0.00,52,18,0.000000,0.000000,0,0
04/06/2026 22:41:01,30.40,29.72,59.45,101141.00,20.97,3.00,0.00,70.25,0.00,727.52,3296.10,0.00,782.77,769.90,1899.81,1886.93,1900.31,1897.06,0.000,0.000,0.000,0.000,0.000,0.000,0.000,0.000,0.000,0.000,0.000,0.000,0.000,0.000,0.000,0.000,0.000,0.000,0.000,0.000,0.000,0.000,0.000,0.000,0.000,0.000,0.000,0.000,3.700,9.98,0.00,0.00,0.00,52,18,0.000000,0.000000,0,0
04/06/2026 22:41:11,30.40,29.73,59.63,101141.00,21.03,3.00,0.00,70.47,0.00,729.15,3296.10,0.00,782.15,770.02,1899.81,1887.06,1900.43,1897.56,0.000,0.000,0.000,0.000,0.000,0.000,0.000,0.000,0.000,0.000,0.000,0.000,0.000,0.000,0.000,0.000,0.000,0.000,0.000,0.000,0.000,0.000,0.000,0.000,0.000,0.000,0.000,0.000,3.700,9.98,0.00,0.00,0.00,52,18,0.000000,0.000000,0,0
04/06/2026 22:41:21,30.40,29.73,59.87,101138.00,21.09,3.00,0.00,69.59,0.00,727.52,3296.10,0.00,780.15,769.15,1900.56,1887.31,1900.81,1897.68,0.000,0.000,0.000,0.000,0.000,0.000,0.000,0.000,0.000,0.000,0.000,0.000,0.000,0.000,0.000,0.000,0.000,0.000,0.000,0.000,0.000,0.000,0.000,0.000,0.000,0.000,0.000,0.000,3.700,9.98,0.00,0.00,0.00,53,18,0.000000,0.000000,0,0
04/06/2026 22:41:31,30.40,29.74,59.69,101141.00,21.06,3.00,0.00,70.91,0.00,729.52,3296.10,0.00,781.40,768.27,1900.06,1886.81,1900.81,1898.06,0.000,0.000,0.000,0.000,0.000,0.000,0.000,0.000,0.000,0.000,0.000,0.000,0.000,0.000,0.000,0.000,0.000,0.000,0.000,0.000,0.000,0.000,0.000,0.000,0.000,0.000,0.000,0.000,3.700,9.98,0.00,0.00,0.00,53,18,0.000000,0.000000,0,0
04/06/2026 22:41:41,30.40,29.74,59.63,101144.00,21.04,3.00,0.00,70.91,0.00,730.27,3296.10,0.00,782.02,769.65,1899.56,1886.43,1900.56,1897.43,0.000,0.000,0.000,0.000,0.000,0.000,0.000,0.000,0.000,0.000,0.000,0.000,0.000,0.000,0.000,0.000,0.000,0.000,0.000,0.000,0.000,0.000,0.000,0.000,0.000,0.000,0.000,0.000,3.700,9.98,0.00,0.00,0.00,52,18,0.000000,0.000000,0,0
04/06/2026 22:41:51,30.40,29.75,59.58,101141.00,21.03,3.00,0.00,70.47,0.00,731.52,3295.98,0.00,781.40,768.65,1899.68,1887.06,1900.93,1897.56,0.000,0.000,0.000,0.000,0.000,0.000,0.000,0.000,0.000,0.000,0.000,0.000,0.000,0.000,0.000,0.000,0.000,0.000,0.000,0.000,0.000,0.000,0.000,0.000,0.000,0.000,0.000,0.000,3.700,9.98,0.00,0.00,0.00,52,18,0.000000,0.000000,0,0
04/06/2026 22:42:01,30.40,29.75,59.72,101153.00,21.07,3.00,0.00,70.91,0.00,732.77,3296.10,0.00,779.65,767.27,1899.18,1887.06,1900.43,1897.68,0.000,0.000,0.000,0.000,0.000,0.000,0.000,0.000,0.000,0.000,0.000,0.000,0.000,0.000,0.000,0.000,0.000,0.000,0.000,0.000,0.000,0.000,0.000,0.000,0.000,0.000,0.000,0.000,3.700,9.98,0.00,0.00,0.00,52,18,0.000000,0.000000,0,0
04/06/2026 22:42:11,30.40,29.75,59.75,101144.00,21.08,3.00,0.00,62.37,0.00,729.90,3296.10,0.00,781.40,769.27,1899.56,1886.68,1900.81,1897.68,0.027,0.000,0.000,0.000,0.000,0.000,0.000,0.000,0.000,0.000,0.000,0.000,0.000,0.000,0.000,0.000,0.000,0.000,0.000,0.000,0.000,0.000,0.000,0.000,0.000,0.000,0.000,0.000,3.700,9.98,0.00,0.00,0.00,52,18,0.000000,0.000000,0,0
04/06/2026 22:42:21,30.40,29.76,59.66,101150.00,21.07,3.00,0.00,62.15,0.00,730.90,3295.98,0.00,780.52,768.27,1899.43,1886.18,1900.93,1897.31,0.000,0.000,0.000,0.000,0.000,0.000,0.000,0.000,0.000,0.000,0.000,0.000,0.000,0.000,0.000,0.000,0.000,0.000,0.000,0.000,0.000,0.000,0.000,0.000,0.000,0.000,0.000,0.000,3.700,9.98,0.00,0.00,0.00,52,18,0.000000,0.000000,0,0
04/06/2026 22:42:31,30.40,29.77,59.84,101147.00,21.13,3.00,0.00,70.25,0.00,732.27,3296.10,0.00,778.52,766.52,1899.43,1887.06,1900.81,1897.31,0.000,0.000,0.000,0.000,0.000,0.000,0.000,0.000,0.000,0.000,0.000,0.000,0.000,0.000,0.000,0.000,0.000,0.000,0.000,0.000,0.000,0.000,0.000,0.000,0.000,0.000,0.000,0.000,3.700,9.98,0.00,0.00,0.00,52,18,0.000000,0.000000,0,0
04/06/2026 22:42:41,30.40,29.78,59.90,101135.00,21.15,3.00,0.00,64.56,0.00,731.65,3295.98,0.00,779.52,768.90,1899.81,1887.43,1900.81,1897.31,0.000,0.000,0.000,0.000,0.000,0.000,0.000,0.000,0.000,0.000,0.000,0.000,0.000,0.000,0.000,0.000,0.000,0.000,0.000,0.000,0.000,0.000,0.000,0.000,0.000,0.000,0.000,0.000,3.700,9.98,0.00,0.00,0.00,52,18,0.000000,0.000000,0,0
04/06/2026 22:42:51,30.40,29.78,60.19,101132.00,21.23,3.00,0.00,62.37,0.00,733.40,3296.10,0.00,778.02,768.02,1900.06,1886.93,1900.93,1897.43,0.000,0.000,0.000,0.000,0.000,0.000,0.000,0.000,0.000,0.000,0.000,0.000,0.000,0.000,0.000,0.000,0.000,0.000,0.000,0.000,0.000,0.000,0.000,0.000,0.000,0.000,0.000,0.000,3.700,9.98,0.00,0.00,0.00,52,18,0.000000,0.000000,0,0
04/06/2026 22:43:01,30.40,29.79,60.13,101138.00,21.23,3.00,0.00,65.00,0.00,731.65,3296.10,0.00,777.02,764.77,1899.93,1886.81,1901.18,1897.43,0.000,0.000,0.000,0.000,0.000,0.000,0.000,0.000,0.000,0.000,0.000,0.000,0.000,0.000,0.000,0.000,0.000,0.000,0.000,0.000,0.000,0.000,0.000,0.000,0.000,0.000,0.000,0.000,3.700,9.98,0.00,0.00,0.00,52,18,0.000000,0.000000,0,0
04/06/2026 22:43:11,30.40,29.79,60.31,101132.00,21.27,3.00,0.00,63.90,0.00,729.40,3295.98,0.00,776.90,766.15,1899.81,1886.68,1901.18,1897.93,0.000,0.000,0.000,0.000,0.000,0.000,0.000,0.000,0.000,0.000,0.000,0.000,0.000,0.000,0.000,0.000,0.000,0.000,0.000,0.000,0.000,0.000,0.000,0.000,0.000,0.000,0.000,0.000,3.700,9.98,0.00,0.00,0.00,52,18,0.000000,0.000000,0,0
04/06/2026 22:43:21,30.40,29.79,60.16,101144.00,21.23,3.00,0.00,60.62,0.00,730.40,3295.98,0.00,780.27,768.77,1900.06,1887.31,1901.06,1897.18,0.000,0.000,0.000,0.000,0.000,0.000,0.000,0.000,0.000,0.000,0.000,0.000,0.000,0.000,0.000,0.000,0.000,0.000,0.000,0.000,0.000,0.000,0.000,0.000,0.000,0.000,0.000,0.000,3.700,9.98,0.00,0.00,0.00,52,18,0.000000,0.000000,0,0
04/06/2026 22:43:31,30.40,29.79,59.87,101138.00,21.15,3.00,0.00,70.25,0.00,729.15,3296.10,0.00,778.77,765.65,1898.56,1887.06,1901.06,1897.93,0.000,0.000,0.000,0.000,0.000,0.000,0.000,0.000,0.000,0.000,0.000,0.000,0.000,0.000,0.000,0.000,0.000,0.000,0.000,0.000,0.000,0.000,0.000,0.000,0.000,0.000,0.000,0.000,3.700,9.98,0.00,0.00,0.00,52,18,0.000000,0.000000,0,0
04/06/2026 22:43:41,30.40,29.80,59.90,101147.00,21.17,3.00,0.00,66.31,0.00,729.15,3295.98,0.00,779.40,766.90,1898.68,1886.81,1900.56,1897.81,0.000,0.000,0.000,0.000,0.000,0.000,0.000,0.000,0.000,0.000,0.000,0.000,0.000,0.000,0.000,0.000,0.000,0.000,0.000,0.000,0.000,0.000,0.000,0.000,0.000,0.000,0.000,0.000,3.700,9.98,0.00,0.00,0.00,52,18,0.000000,0.000000,0,0
04/06/2026 22:43:51,30.40,29.80,60.10,101129.00,21.23,3.00,0.00,64.56,0.00,727.27,3295.98,0.00,777.02,766.27,1899.06,1886.68,1900.81,1897.93,0.000,0.000,0.000,0.000,0.000,0.000,0.000,0.000,0.000,0.000,0.000,0.000,0.000,0.000,0.000,0.000,0.000,0.000,0.000,0.000,0.000,0.000,0.000,0.000,0.000,0.000,0.000,0.000,3.700,9.98,0.00,0.00,0.00,52,18,0.000000,0.000000,0,0
04/06/2026 22:44:01,30.40,29.80,60.16,101135.00,21.24,3.00,0.00,68.28,0.00,729.65,3296.10,0.00,775.15,765.02,1899.18,1886.56,1901.06,1897.68,0.000,0.000,0.000,0.000,0.000,0.000,0.000,0.000,0.000,0.000,0.000,0.000,0.000,0.000,0.000,0.000,0.000,0.000,0.000,0.000,0.000,0.000,0.000,0.000,0.000,0.000,0.000,0.000,3.700,9.98,0.00,0.00,0.00,52,18,0.000000,0.000000,0,0
04/06/2026 22:44:11,30.40,29.81,60.04,101135.00,21.22,3.00,0.00,64.56,0.00,730.27,3295.98,0.00,778.77,766.90,1899.06,1886.81,1901.18,1897.93,0.000,0.000,0.000,0.000,0.000,0.000,0.000,0.000,0.000,0.000,0.000,0.000,0.000,0.000,0.000,0.000,0.000,0.000,0.000,0.000,0.000,0.000,0.000,0.000,0.000,0.000,0.000,0.000,3.700,9.98,0.00,0.00,0.00,52,18,0.000000,0.000000,0,0
04/06/2026 22:44:21,30.40,29.82,60.28,101132.00,21.30,3.00,0.00,58.43,0.00,727.52,3295.98,0.00,776.27,765.52,1899.06,1887.06,1901.06,1897.68,0.000,0.000,0.000,0.000,0.000,0.000,0.000,0.000,0.000,0.000,0.000,0.000,0.000,0.000,0.000,0.000,0.000,0.000,0.000,0.000,0.000,0.000,0.000,0.000,0.000,0.000,0.000,0.000,3.700,9.98,0.00,0.00,0.00,52,18,0.000000,0.000000,0,0
04/06/2026 22:44:31,30.40,29.82,60.51,101150.00,21.36,3.00,0.00,64.56,0.00,726.40,3296.10,0.00,773.65,763.90,1899.68,1887.06,1901.56,1897.93,0.000,0.000,0.000,0.000,0.000,0.000,0.000,0.000,0.000,0.000,0.000,0.000,0.000,0.000,0.000,0.000,0.000,0.000,0.000,0.000,0.000,0.000,0.000,0.000,0.000,0.000,0.000,0.000,3.700,9.98,0.00,0.00,0.00,52,18,0.000000,0.000000,0,0
04/06/2026 22:44:41,30.40,29.84,60.57,101132.00,21.38,3.00,0.00,60.62,0.00,727.65,3295.98,0.00,776.40,766.52,1900.31,1887.31,1901.68,1897.68,0.000,0.000,0.000,0.000,0.000,0.000,0.000,0.000,0.000,0.000,0.000,0.000,0.000,0.000,0.000,0.000,0.000,0.000,0.000,0.000,0.000,0.000,0.000,0.000,0.000,0.000,0.000,0.000,3.700,9.98,0.00,0.00,0.00,52,18,0.000000,0.000000,0,0
04/06/2026 22:44:51,30.50,29.84,60.45,101144.00,21.35,3.00,0.00,58.65,0.00,728.65,3295.98,0.00,776.02,765.15,1899.81,1887.18,1901.56,1897.31,0.000,0.000,0.000,0.000,0.000,0.000,0.000,0.000,0.000,0.000,0.000,0.000,0.000,0.000,0.000,0.000,0.000,0.000,0.000,0.000,0.000,0.000,0.000,0.000,0.000,0.000,0.000,0.000,3.700,9.98,0.00,0.00,0.00,52,18,0.000000,0.000000,0,0
04/06/2026 22:45:01,30.40,29.82,60.04,101144.00,21.23,3.00,0.00,59.31,0.00,729.15,3296.10,0.00,777.02,763.65,1898.31,1887.06,1901.43,1897.81,0.000,0.000,0.000,0.000,0.000,0.000,0.000,0.000,0.000,0.000,0.000,0.000,0.000,0.000,0.000,0.000,0.000,0.000,0.000,0.000,0.000,0.000,0.000,0.000,0.000,0.000,0.000,0.000,3.700,9.98,0.00,0.00,0.00,52,18,0.000000,0.000000,0,0
04/06/2026 22:45:11,30.50,29.82,60.07,101144.00,21.24,3.00,0.00,59.09,0.00,729.77,3295.98,0.00,777.65,766.15,1898.18,1887.31,1900.81,1897.56,0.000,0.000,0.000,0.000,0.000,0.000,0.000,0.000,0.000,0.000,0.000,0.000,0.000,0.000,0.000,0.000,0.000,0.000,0.000,0.000,0.000,0.000,0.000,0.000,0.000,0.000,0.000,0.000,3.700,9.98,0.00,0.00,0.00,52,18,0.000000,0.000000,0,0
04/06/2026 22:45:21,30.40,29.84,59.93,101138.00,21.21,3.00,0.00,70.25,0.00,728.65,3295.98,0.00,776.02,764.15,1897.93,1887.31,1900.31,1897.43,0.000,0.000,0.000,0.000,0.000,0.000,0.000,0.000,0.000,0.000,0.000,0.000,0.000,0.000,0.000,0.000,0.000,0.000,0.000,0.000,0.000,0.000,0.000,0.000,0.000,0.000,0.000,0.000,3.700,9.98,0.00,0.00,0.00,52,18,0.000000,0.000000,0,0
04/06/2026 22:45:31,30.40,29.84,59.96,101150.00,21.22,3.00,0.00,61.50,0.00,728.65,3296.10,0.00,768.15,756.77,1898.43,1887.56,1900.93,1898.43,0.000,0.000,0.000,0.000,0.000,0.000,0.000,0.000,0.000,0.000,0.000,0.000,0.000,0.000,0.000,0.000,0.000,0.000,0.000,0.000,0.000,0.000,0.000,0.000,0.000,0.000,0.000,0.000,3.700,9.98,0.00,0.00,0.00,52,18,0.000000,0.000000,0,0
04/06/2026 22:45:41,30.50,29.82,59.69,101147.00,21.14,3.00,0.00,62.59,0.00,733.77,3295.98,0.00,781.15,769.15,1898.18,1887.06,1900.56,1897.81,0.000,0.000,0.000,0.000,0.000,0.000,0.000,0.000,0.000,0.000,0.000,0.000,0.000,0.000,0.000,0.000,0.000,0.000,0.000,0.000,0.000,0.000,0.000,0.000,0.000,0.000,0.000,0.000,3.700,9.98,0.00,0.00,0.00,52,18,0.000000,0.000000,0,0
04/06/2026 22:45:51,30.50,29.84,59.63,101156.00,21.13,3.00,0.00,60.18,0.00,731.65,3295.98,0.00,778.27,767.02,1897.43,1886.81,1900.56,1897.31,0.000,0.000,0.000,0.000,0.000,0.000,0.000,0.000,0.000,0.000,0.000,0.000,0.000,0.000,0.000,0.000,0.000,0.000,0.000,0.000,0.000,0.000,0.000,0.000,0.000,0.000,0.000,0.000,3.700,9.98,0.00,0.00,0.00,52,18,0.000000,0.000000,0,0
04/06/2026 22:46:01,30.50,29.84,59.55,101144.00,21.11,3.00,0.00,59.96,0.00,733.27,3295.98,0.00,774.40,763.02,1897.31,1886.68,1900.43,1897.81,0.000,0.000,0.000,0.000,0.000,0.000,0.000,0.000,0.000,0.000,0.000,0.000,0.000,0.000,0.000,0.000,0.000,0.000,0.000,0.000,0.000,0.000,0.000,0.000,0.000,0.000,0.000,0.000,3.700,9.98,0.00,0.00,0.00,52,18,0.000000,0.000000,0,0
04/06/2026 22:46:11,30.50,29.84,59.45,101144.00,21.08,3.00,0.00,58.87,0.00,732.52,3295.98,0.00,775.90,764.27,1898.18,1886.68,1900.18,1897.56,0.000,0.000,0.000,0.000,0.000,0.000,0.000,0.000,0.000,0.000,0.000,0.000,0.000,0.000,0.000,0.000,0.000,0.000,0.000,0.000,0.000,0.000,0.000,0.000,0.000,0.000,0.000,0.000,3.700,9.98,0.00,0.00,0.00,52,18,0.000000,0.000000,0,0
04/06/2026 22:46:21,30.50,29.82,59.42,101138.00,21.06,3.00,0.00,66.53,0.00,733.27,3295.98,0.00,774.90,763.90,1898.81,1886.68,1900.06,1897.93,0.000,0.000,0.000,0.000,0.000,0.000,0.000,0.000,0.000,0.000,0.000,0.000,0.000,0.000,0.000,0.000,0.000,0.000,0.000,0.000,0.000,0.000,0.000,0.000,0.000,0.000,0.000,0.000,3.700,9.98,0.00,0.00,0.00,52,18,0.000000,0.000000,0,0
04/06/2026 22:46:31,30.50,29.82,59.40,101147.00,21.06,3.00,0.00,69.16,0.00,732.77,3296.10,0.00,774.15,763.15,1897.93,1886.56,1900.18,1897.68,0.081,0.000,0.000,0.000,0.000,0.000,0.000,0.000,0.000,0.000,0.000,0.000,0.000,0.000,0.000,0.000,0.000,0.000,0.000,0.000,0.000,0.000,0.000,0.000,0.000,0.000,0.000,0.000,3.700,9.98,0.01,0.01,0.01,52,18,0.000000,0.000000,0,0
04/06/2026 22:46:41,30.50,29.82,59.40,101147.00,21.06,3.00,0.00,67.84,0.00,733.27,3295.98,0.00,773.77,763.02,1897.81,1886.06,1900.18,1897.81,0.000,0.000,0.000,0.000,0.000,0.000,0.000,0.000,0.000,0.000,0.000,0.000,0.000,0.000,0.000,0.000,0.000,0.000,0.000,0.000,0.000,0.000,0.000,0.000,0.000,0.000,0.000,0.000,3.700,9.98,0.00,0.00,0.00,52,18,0.000000,0.000000,0,0
04/06/2026 22:46:51,30.50,29.82,59.40,101138.00,21.06,3.00,0.00,64.78,0.00,733.65,3295.98,0.00,774.02,763.02,1897.56,1886.06,1900.18,1897.93,0.000,0.000,0.000,0.000,0.000,0.000,0.000,0.000,0.000,0.000,0.000,0.000,0.000,0.000,0.000,0.000,0.000,0.000,0.000,0.000,0.000,0.000,0.000,0.000,0.000,0.000,0.000,0.000,3.700,9.98,0.00,0.00,0.00,52,18,0.000000,0.000000,0,0
04/06/2026 22:47:01,30.40,29.84,59.40,101141.00,21.07,3.00,0.00,59.53,0.00,733.65,3295.98,0.00,773.90,763.27,1897.56,1887.06,1899.93,1897.56,0.027,0.000,0.000,0.000,0.000,0.000,0.000,0.000,0.000,0.000,0.000,0.000,0.000,0.000,0.000,0.000,0.000,0.000,0.000,0.000,0.000,0.000,0.000,0.000,0.000,0.000,0.000,0.000,3.700,9.98,0.00,0.00,0.00,52,18,0.000000,0.000000,0,0
04/06/2026 22:47:11,30.50,29.82,59.40,101141.00,21.06,3.00,0.00,58.43,0.00,729.77,3295.98,0.00,772.77,761.52,1897.56,1887.56,1899.68,1897.43,0.000,0.000,0.000,0.000,0.000,0.000,0.000,0.000,0.000,0.000,0.000,0.000,0.000,0.000,0.000,0.000,0.000,0.000,0.000,0.000,0.000,0.000,0.000,0.000,0.000,0.000,0.000,0.000,3.700,9.98,0.00,0.00,0.00,52,18,0.000000,0.000000,0,0
04/06/2026 22:47:21,30.40,29.84,59.42,101144.00,21.07,3.00,0.00,66.09,0.00,731.65,3295.85,0.00,774.40,763.77,1897.43,1887.43,1899.81,1897.68,0.000,0.000,0.000,0.000,0.000,0.000,0.000,0.000,0.000,0.000,0.000,0.000,0.000,0.000,0.000,0.000,0.000,0.000,0.000,0.000,0.000,0.000,0.000,0.000,0.000,0.000,0.000,0.000,3.700,9.98,0.00,0.00,0.00,52,18,0.000000,0.000000,0,0
04/06/2026 22:47:31,30.50,29.84,59.52,101138.00,21.10,3.00,0.00,70.47,0.00,731.15,3295.98,0.00,773.02,762.90,1897.56,1886.81,1899.81,1897.81,0.000,0.000,0.000,0.000,0.000,0.000,0.000,0.000,0.000,0.000,0.000,0.000,0.000,0.000,0.000,0.000,0.000,0.000,0.000,0.000,0.000,0.000,0.000,0.000,0.000,0.000,0.000,0.000,3.700,9.98,0.00,0.00,0.00,52,18,0.000000,0.000000,0,0
04/06/2026 22:47:41,30.40,29.84,59.52,101141.00,21.10,3.00,0.00,60.40,0.00,730.15,3295.85,0.00,771.52,760.77,1897.56,1887.56,1899.93,1897.81,0.000,0.000,0.000,0.000,0.000,0.000,0.000,0.000,0.000,0.000,0.000,0.000,0.000,0.000,0.000,0.000,0.000,0.000,0.000,0.000,0.000,0.000,0.000,0.000,0.000,0.000,0.000,0.000,3.700,9.98,0.00,0.00,0.00,52,18,0.000000,0.000000,0,0
04/06/2026 22:47:51,30.40,29.84,59.52,101141.00,21.10,3.00,0.00,58.65,0.00,729.65,3295.85,0.00,774.65,764.02,1897.56,1887.06,1900.06,1897.31,0.000,0.000,0.000,0.000,0.000,0.000,0.000,0.000,0.000,0.000,0.000,0.000,0.000,0.000,0.000,0.000,0.000,0.000,0.000,0.000,0.000,0.000,0.000,0.000,0.000,0.000,0.000,0.000,3.700,9.98,0.00,0.00,0.00,52,18,0.000000,0.000000,0,0
04/06/2026 22:48:01,30.50,29.84,59.45,101147.00,21.08,3.00,0.00,59.74,0.00,728.02,3295.98,0.00,773.27,762.65,1897.43,1886.93,1900.18,1898.18,0.000,0.000,0.000,0.000,0.000,0.000,0.000,0.000,0.000,0.000,0.000,0.000,0.000,0.000,0.000,0.000,0.000,0.000,0.000,0.000,0.000,0.000,0.000,0.000,0.000,0.000,0.000,0.000,3.700,9.98,0.00,0.00,0.00,52,18,0.000000,0.000000,0,0
04/06/2026 22:48:11,30.50,29.84,59.40,101147.00,21.07,3.00,0.00,62.37,0.00,727.15,3295.98,0.00,771.77,761.02,1897.68,1887.18,1900.06,1897.93,0.000,0.000,0.000,0.000,0.000,0.000,0.000,0.000,0.000,0.000,0.000,0.000,0.000,0.000,0.000,0.000,0.000,0.000,0.000,0.000,0.000,0.000,0.000,0.000,0.000,0.000,0.000,0.000,3.700,9.98,0.00,0.00,0.00,52,18,0.000000,0.000000,0,0
04/06/2026 22:48:21,30.50,29.84,59.42,101144.00,21.07,3.00,0.00,60.40,0.00,727.90,3296.10,0.00,773.77,763.52,1897.18,1886.18,1900.43,1897.81,0.000,0.000,0.000,0.000,0.000,0.000,0.000,0.000,0.000,0.000,0.000,0.000,0.000,0.000,0.000,0.000,0.000,0.000,0.000,0.000,0.000,0.000,0.000,0.000,0.000,0.000,0.000,0.000,3.700,9.98,0.00,0.00,0.00,52,18,0.000000,0.000000,0,0
04/06/2026 22:48:31,30.50,29.84,59.42,101147.00,21.07,3.00,0.00,61.06,0.00,727.90,3296.23,0.00,772.65,762.27,1897.43,1886.56,1900.06,1897.56,0.000,0.000,0.000,0.000,0.000,0.000,0.000,0.000,0.000,0.000,0.000,0.000,0.000,0.000,0.000,0.000,0.000,0.000,0.000,0.000,0.000,0.000,0.000,0.000,0.000,0.000,0.000,0.000,3.700,9.98,0.00,0.00,0.00,52,18,0.000000,0.000000,0,0
04/06/2026 22:48:41,30.40,29.84,59.42,101132.00,21.07,3.00,0.00,66.97,0.00,728.90,3296.23,0.00,771.02,760.77,1896.93,1886.56,1900.31,1897.43,0.000,0.000,0.000,0.000,0.000,0.000,0.000,0.000,0.000,0.000,0.000,0.000,0.000,0.000,0.000,0.000,0.000,0.000,0.000,0.000,0.000,0.000,0.000,0.000,0.000,0.000,0.000,0.000,3.700,9.98,0.00,0.00,0.00,52,18,0.000000,0.000000,0,0
04/06/2026 22:48:51,30.50,29.85,59.42,101141.00,21.08,3.00,0.00,69.59,0.00,728.02,3296.23,0.00,773.15,762.77,1897.18,1886.93,1900.18,1897.81,0.000,0.000,0.000,0.000,0.000,0.000,0.000,0.000,0.000,0.000,0.000,0.000,0.000,0.000,0.000,0.000,0.000,0.000,0.000,0.000,0.000,0.000,0.000,0.000,0.000,0.000,0.000,0.000,3.700,9.98,0.00,0.00,0.00,52,18,0.000000,0.000000,0,0
04/06/2026 22:49:01,30.50,29.85,59.40,101138.00,21.08,3.00,0.00,61.71,0.00,729.02,3296.23,0.00,772.27,762.02,1897.18,1886.93,1900.18,1897.81,0.000,0.000,0.000,0.000,0.000,0.000,0.000,0.000,0.000,0.000,0.000,0.000,0.000,0.000,0.000,0.000,0.000,0.000,0.000,0.000,0.000,0.000,0.000,0.000,0.000,0.000,0.000,0.000,3.700,9.98,0.00,0.00,0.00,52,18,0.000000,0.000000,0,0
04/06/2026 22:49:11,30.50,29.85,59.40,101141.00,21.08,3.00,0.00,58.65,0.00,729.90,3296.23,0.00,770.40,759.90,1897.31,1886.68,1900.31,1897.43,0.000,0.000,0.000,0.000,0.000,0.000,0.000,0.000,0.000,0.000,0.000,0.000,0.000,0.000,0.000,0.000,0.000,0.000,0.000,0.000,0.000,0.000,0.000,0.000,0.000,0.000,0.000,0.000,3.700,9.98,0.00,0.00,0.00,52,2,0.000000,0.000000,0,0
04/06/2026 22:49:21,30.50,29.85,59.40,101141.00,21.08,3.00,0.00,58.65,0.00,729.15,3296.23,0.00,772.77,762.65,1897.06,1886.43,1900.06,1897.43,0.000,0.000,0.000,0.000,0.000,0.000,0.000,0.000,0.000,0.000,0.000,0.000,0.000,0.000,0.000,0.000,0.000,0.000,0.000,0.000,0.000,0.000,0.000,0.000,0.000,0.000,0.000,0.000,3.700,9.98,0.00,0.00,0.00,52,2,0.000000,0.000000,0,0
04/06/2026 22:49:31,30.40,29.85,59.45,101144.00,21.09,3.00,0.00,60.18,0.00,729.40,3296.23,0.00,771.65,761.90,1897.06,1886.93,1900.06,1897.68,0.000,0.000,0.000,0.000,0.000,0.000,0.000,0.000,0.000,0.000,0.000,0.000,0.000,0.000,0.000,0.000,0.000,0.000,0.000,0.000,0.000,0.000,0.000,0.000,0.000,0.000,0.000,0.000,3.700,9.98,0.00,0.00,0.00,52,2,0.000000,0.000000,0,0
04/06/2026 22:49:41,30.50,29.85,59.45,101138.00,21.09,3.00,0.00,66.53,0.00,731.65,3296.23,0.00,770.40,760.40,1896.81,1886.68,1900.06,1897.68,0.000,0.000,0.000,0.000,0.000,0.000,0.000,0.000,0.000,0.000,0.000,0.000,0.000,0.000,0.000,0.000,0.000,0.000,0.000,0.000,0.000,0.000,0.000,0.000,0.000,0.000,0.000,0.000,3.700,9.98,0.00,0.00,0.00,52,2,0.000000,0.000000,0,0
04/06/2026 22:49:51,30.50,29.85,59.42,101135.00,21.08,3.00,0.00,70.69,0.00,731.65,3296.23,0.00,771.27,761.02,1896.68,1886.56,1900.43,1897.56,0.000,0.000,0.000,0.000,0.000,0.000,0.000,0.000,0.000,0.000,0.000,0.000,0.000,0.000,0.000,0.000,0.000,0.000,0.000,0.000,0.000,0.000,0.000,0.000,0.000,0.000,0.000,0.000,3.700,9.98,0.00,0.00,0.00,52,2,0.000000,0.000000,0,0
04/06/2026 22:50:01,30.50,29.85,59.45,101147.00,21.09,3.00,0.00,68.06,0.00,731.15,3296.23,0.00,771.15,761.40,1896.68,1886.68,1900.18,1897.93,0.000,0.000,0.000,0.000,0.000,0.000,0.000,0.000,0.000,0.000,0.000,0.000,0.000,0.000,0.000,0.000,0.000,0.000,0.000,0.000,0.000,0.000,0.000,0.000,0.000,0.000,0.000,0.000,3.700,9.98,0.00,0.00,0.00,52,2,0.000000,0.000000,0,0
04/06/2026 22:50:11,30.50,29.85,59.48,101150.00,21.10,3.00,0.00,67.40,0.00,732.90,3296.23,0.00,770.27,760.40,1896.31,1885.93,1900.06,1897.43,0.000,0.000,0.000,0.000,0.000,0.000,0.000,0.000,0.000,0.000,0.000,0.000,0.000,0.000,0.000,0.000,0.000,0.000,0.000,0.000,0.000,0.000,0.000,0.000,0.000,0.000,0.000,0.000,3.700,9.98,0.00,0.00,0.00,52,2,0.000000,0.000000,0,0
04/06/2026 22:50:21,30.50,29.86,59.45,101138.00,21.10,3.00,0.00,68.50,0.00,731.65,3296.23,0.00,769.65,759.65,1896.68,1886.68,1900.56,1897.56,0.000,0.000,0.000,0.000,0.000,0.000,0.000,0.000,0.000,0.000,0.000,0.000,0.000,0.000,0.000,0.000,0.000,0.000,0.000,0.000,0.000,0.000,0.000,0.000,0.000,0.000,0.000,0.000,3.700,9.98,0.00,0.00,0.00,52,2,0.000000,0.000000,0,0
04/06/2026 22:50:31,30.50,29.86,59.45,101135.00,21.10,3.00,0.00,64.34,0.00,732.27,3296.23,0.00,763.52,753.65,1896.43,1886.68,1900.68,1897.93,0.000,0.000,0.000,0.000,0.000,0.000,0.000,0.000,0.000,0.000,0.000,0.000,0.000,0.000,0.000,0.000,0.000,0.000,0.000,0.000,0.000,0.000,0.000,0.000,0.000,0.000,0.000,0.000,3.700,9.98,0.00,0.00,0.00,52,2,0.000000,0.000000,0,0
04/06/2026 22:50:41,30.40,29.86,59.48,101138.00,21.11,3.00,0.00,60.18,0.00,733.02,3296.23,0.00,773.90,764.40,1896.68,1887.06,1900.56,1897.56,0.000,0.000,0.000,0.000,0.000,0.000,0.000,0.000,0.000,0.000,0.000,0.000,0.000,0.000,0.000,0.000,0.000,0.000,0.000,0.000,0.000,0.000,0.000,0.000,0.000,0.000,0.000,0.000,3.700,9.98,0.00,0.00,0.00,52,2,0.000000,0.000000,0,0
04/06/2026 22:50:51,30.50,29.86,59.48,101144.00,21.11,3.00,0.00,66.31,0.00,733.52,3296.23,0.00,772.15,762.90,1896.56,1886.56,1900.43,1897.81,0.000,0.000,0.000,0.000,0.000,0.000,0.000,0.000,0.000,0.000,0.000,0.000,0.000,0.000,0.000,0.000,0.000,0.000,0.000,0.000,0.000,0.000,0.000,0.000,0.000,0.000,0.000,0.000,3.700,9.98,0.00,0.00,0.00,52,2,0.000000,0.000000,0,0
04/06/2026 22:51:01,30.50,29.86,59.58,101138.00,21.14,3.00,0.00,69.59,0.00,733.52,3296.23,0.00,771.02,762.02,1896.56,1886.81,1900.18,1897.43,0.000,0.000,0.000,0.000,0.000,0.000,0.000,0.000,0.000,0.000,0.000,0.000,0.000,0.000,0.000,0.000,0.000,0.000,0.000,0.000,0.000,0.000,0.000,0.000,0.000,0.000,0.000,0.000,3.700,9.98,0.00,0.00,0.00,52,2,0.000000,0.000000,0,0
04/06/2026 22:51:11,30.40,29.86,59.58,101144.00,21.14,3.00,0.00,68.72,0.00,731.27,3296.23,0.00,769.52,760.27,1896.68,1886.56,1900.18,1896.93,0.000,0.000,0.000,0.000,0.000,0.000,0.000,0.000,0.000,0.000,0.000,0.000,0.000,0.000,0.000,0.000,0.000,0.000,0.000,0.000,0.000,0.000,0.000,0.000,0.000,0.000,0.000,0.000,3.700,9.98,0.00,0.00,0.00,52,2,0.000000,0.000000,0,0
04/06/2026 22:51:21,30.40,29.86,59.55,101141.00,21.13,3.00,0.00,70.91,0.00,731.65,3296.23,0.00,768.90,759.02,1896.31,1886.56,1900.43,1897.43,0.000,0.000,0.000,0.000,0.000,0.000,0.000,0.000,0.000,0.000,0.000,0.000,0.000,0.000,0.000,0.000,0.000,0.000,0.000,0.000,0.000,0.000,0.000,0.000,0.000,0.000,0.000,0.000,3.700,9.98,0.00,0.00,0.00,52,2,0.000000,0.000000,0,0
04/06/2026 22:51:31,30.50,29.87,59.55,101144.00,21.14,3.00,0.00,69.59,0.00,730.65,3296.23,0.00,770.52,761.15,1896.31,1886.43,1900.31,1897.06,0.000,0.000,0.000,0.000,0.000,0.000,0.000,0.000,0.000,0.000,0.000,0.000,0.000,0.000,0.000,0.000,0.000,0.000,0.000,0.000,0.000,0.000,0.000,0.000,0.000,0.000,0.000,0.000,3.700,9.98,0.00,0.00,0.00,52,2,0.000000,0.000000,0,0
04/06/2026 22:51:41,30.50,29.87,59.55,101147.00,21.14,3.00,0.00,61.28,0.00,731.15,3296.23,0.00,769.52,759.77,1896.18,1886.18,1900.31,1897.31,0.000,0.000,0.000,0.000,0.000,0.000,0.000,0.000,0.000,0.000,0.000,0.000,0.000,0.000,0.000,0.000,0.000,0.000,0.000,0.000,0.000,0.000,0.000,0.000,0.000,0.000,0.000,0.000,3.700,9.98,0.00,0.00,0.00,52,2,0.000000,0.000000,0,0
04/06/2026 22:51:51,30.50,29.86,59.58,101138.00,21.14,3.00,0.00,61.93,0.00,729.52,3296.23,0.00,767.77,758.52,1896.31,1886.18,1900.43,1897.43,0.000,0.000,0.000,0.000,0.000,0.000,0.000,0.000,0.000,0.000,0.000,0.000,0.000,0.000,0.000,0.000,0.000,0.000,0.000,0.000,0.000,0.000,0.000,0.000,0.000,0.000,0.000,0.000,3.700,9.98,0.00,0.00,0.00,52,2,0.000000,0.000000,0,0
04/06/2026 22:52:01,30.50,29.87,59.63,101138.00,21.16,3.00,0.00,70.91,0.00,729.77,3296.23,0.00,769.65,761.15,1896.56,1886.68,1900.31,1897.93,0.000,0.000,0.000,0.000,0.000,0.000,0.000,0.000,0.000,0.000,0.000,0.000,0.000,0.000,0.000,0.000,0.000,0.000,0.000,0.000,0.000,0.000,0.000,0.000,0.000,0.000,0.000,0.000,3.700,9.98,0.00,0.00,0.00,52,2,0.000000,0.000000,0,0
04/06/2026 22:52:11,30.50,29.88,59.61,101138.00,21.16,3.00,0.00,65.65,0.00,729.27,3296.23,0.00,769.15,759.90,1896.56,1887.06,1900.06,1898.06,0.027,0.000,0.000,0.000,0.000,0.000,0.000,0.000,0.000,0.000,0.000,0.000,0.000,0.000,0.000,0.000,0.000,0.000,0.000,0.000,0.000,0.000,0.000,0.000,0.000,0.000,0.000,0.000,3.700,9.98,0.00,0.00,0.00,53,2,0.000000,0.000000,0,0
04/06/2026 22:52:21,30.50,29.87,59.61,101123.00,21.15,3.00,0.00,59.09,0.00,728.02,3296.23,0.00,768.02,758.65,1896.31,1886.81,1900.68,1897.68,0.027,0.000,0.000,0.000,0.000,0.000,0.000,0.000,0.000,0.000,0.000,0.000,0.000,0.000,0.000,0.000,0.000,0.000,0.000,0.000,0.000,0.000,0.000,0.000,0.000,0.000,0.000,0.000,3.700,9.98,0.00,0.00,0.00,52,2,0.000000,0.000000,0,0
04/06/2026 22:52:31,30.50,29.88,59.64,101144.00,21.17,3.00,0.00,64.34,0.00,727.77,3296.23,0.00,770.02,760.77,1896.06,1886.56,1900.43,1897.43,0.000,0.000,0.000,0.000,0.000,0.000,0.000,0.000,0.000,0.000,0.000,0.000,0.000,0.000,0.000,0.000,0.000,0.000,0.000,0.000,0.000,0.000,0.000,0.000,0.000,0.000,0.000,0.000,3.700,9.98,0.00,0.00,0.00,52,2,0.000000,0.000000,0,0
04/06/2026 22:52:41,30.50,29.89,59.63,101135.00,21.18,3.00,0.00,70.91,0.00,728.90,3296.23,0.00,768.77,759.40,1896.56,1886.31,1900.43,1897.43,0.000,0.000,0.000,0.000,0.000,0.000,0.000,0.000,0.000,0.000,0.000,0.000,0.000,0.000,0.000,0.000,0.000,0.000,0.000,0.000,0.000,0.000,0.000,0.000,0.000,0.000,0.000,0.000,3.700,9.98,0.00,0.00,0.00,52,2,0.000000,0.000000,0,0
04/06/2026 22:52:51,30.50,29.89,59.64,101141.00,21.18,3.00,0.00,66.97,0.00,727.52,3296.23,0.00,767.40,758.52,1896.43,1886.18,1900.43,1897.18,0.000,0.000,0.000,0.000,0.000,0.000,0.000,0.000,0.000,0.000,0.000,0.000,0.000,0.000,0.000,0.000,0.000,0.000,0.000,0.000,0.000,0.000,0.000,0.000,0.000,0.000,0.000,0.000,3.700,9.98,0.00,0.00,0.00,52,2,0.000000,0.000000,0,0
04/06/2026 22:53:01,30.50,29.89,59.52,101132.00,21.15,3.00,0.00,64.34,0.00,728.77,3296.23,0.00,769.77,760.65,1896.06,1886.81,1900.56,1897.31,0.000,0.000,0.000,0.000,0.000,0.000,0.000,0.000,0.000,0.000,0.000,0.000,0.000,0.000,0.000,0.000,0.000,0.000,0.000,0.000,0.000,0.000,0.000,0.000,0.000,0.000,0.000,0.000,3.700,9.98,0.00,0.00,0.00,52,2,0.000000,0.000000,0,0
04/06/2026 22:53:11,30.50,29.89,59.52,101132.00,21.15,3.00,0.00,66.53,0.00,731.02,3296.23,0.00,768.27,759.27,1896.06,1886.56,1900.68,1897.81,0.000,0.000,0.000,0.000,0.000,0.000,0.000,0.000,0.000,0.000,0.000,0.000,0.000,0.000,0.000,0.000,0.000,0.000,0.000,0.000,0.000,0.000,0.000,0.000,0.000,0.000,0.000,0.000,3.700,9.98,0.00,0.00,0.00,52,2,0.000000,0.000000,0,0
04/06/2026 22:53:21,30.50,29.90,59.52,101135.00,21.16,3.00,0.00,68.50,0.00,730.02,3296.23,0.00,766.77,758.02,1895.93,1886.06,1900.81,1897.68,0.000,0.000,0.000,0.000,0.000,0.000,0.000,0.000,0.000,0.000,0.000,0.000,0.000,0.000,0.000,0.000,0.000,0.000,0.000,0.000,0.000,0.000,0.000,0.000,0.000,0.000,0.000,0.000,3.700,9.98,0.00,0.00,0.00,52,2,0.000000,0.000000,0,0
04/06/2026 22:53:31,30.50,29.90,59.55,101129.00,21.17,3.00,0.00,68.06,0.00,731.15,3296.23,0.00,768.27,760.02,1896.06,1886.68,1900.56,1897.31,0.000,0.000,0.000,0.000,0.000,0.000,0.000,0.000,0.000,0.000,0.000,0.000,0.000,0.000,0.000,0.000,0.000,0.000,0.000,0.000,0.000,0.000,0.000,0.000,0.000,0.000,0.000,0.000,3.700,9.98,0.00,0.00,0.00,52,2,0.000000,0.000000,0,0
04/06/2026 22:53:41,30.50,29.90,59.58,101126.00,21.18,3.00,0.00,65.43,0.00,731.27,3296.23,0.00,768.27,759.90,1896.43,1886.81,1900.81,1896.81,0.027,0.000,0.000,0.000,0.000,0.000,0.000,0.000,0.000,0.000,0.000,0.000,0.000,0.000,0.000,0.000,0.000,0.000,0.000,0.000,0.000,0.000,0.000,0.000,0.000,0.000,0.000,0.000,3.700,9.98,0.00,0.00,0.00,53,2,0.000000,0.000000,0,0
04/06/2026 22:53:51,30.50,29.91,59.64,101132.00,21.20,3.00,0.00,59.09,0.00,731.15,3296.23,0.00,766.77,758.27,1896.18,1886.31,1900.43,1896.93,0.000,0.000,0.000,0.000,0.000,0.000,0.000,0.000,0.000,0.000,0.000,0.000,0.000,0.000,0.000,0.000,0.000,0.000,0.000,0.000,0.000,0.000,0.000,0.000,0.000,0.000,0.000,0.000,3.700,9.98,0.00,0.00,0.00,52,2,0.000000,0.000000,0,0
04/06/2026 22:54:01,30.50,29.90,59.64,101129.00,21.19,3.00,0.00,58.65,0.00,733.40,3296.23,0.00,767.65,758.77,1896.06,1886.43,1900.43,1896.93,0.000,0.000,0.000,0.000,0.000,0.000,0.000,0.000,0.000,0.000,0.000,0.000,0.000,0.000,0.000,0.000,0.000,0.000,0.000,0.000,0.000,0.000,0.000,0.000,0.000,0.000,0.000,0.000,3.700,9.98,0.00,0.00,0.00,52,2,0.000000,0.000000,0,0
04/06/2026 22:54:11,30.50,29.91,59.69,101129.00,21.22,3.00,0.00,58.87,0.00,733.27,3296.23,0.00,768.02,759.40,1896.06,1886.18,1900.56,1896.56,0.000,0.000,0.000,0.000,0.000,0.000,0.000,0.000,0.000,0.000,0.000,0.000,0.000,0.000,0.000,0.000,0.000,0.000,0.000,0.000,0.000,0.000,0.000,0.000,0.000,0.000,0.000,0.000,3.700,9.98,0.00,0.00,0.00,52,2,0.000000,0.000000,0,0
04/06/2026 22:54:21,30.50,29.91,59.69,101135.00,21.22,3.00,0.00,64.12,0.00,734.27,3296.23,0.00,766.65,758.15,1896.18,1886.68,1900.18,1896.81,0.000,0.000,0.000,0.000,0.000,0.000,0.000,0.000,0.000,0.000,0.000,0.000,0.000,0.000,0.000,0.000,0.000,0.000,0.000,0.000,0.000,0.000,0.000,0.000,0.000,0.000,0.000,0.000,3.700,9.98,0.00,0.00,0.00,52,2,0.000000,0.000000,0,0
04/06/2026 22:54:31,30.50,29.91,59.69,101129.00,21.22,3.00,0.00,70.91,0.00,734.90,3296.23,0.00,767.40,759.02,1896.18,1886.81,1900.31,1897.31,0.000,0.000,0.000,0.000,0.000,0.000,0.000,0.000,0.000,0.000,0.000,0.000,0.000,0.000,0.000,0.000,0.000,0.000,0.000,0.000,0.000,0.000,0.000,0.000,0.000,0.000,0.000,0.000,3.700,9.98,0.00,0.00,0.00,52,2,0.000000,0.000000,0,0
04/06/2026 22:54:41,30.50,29.92,59.66,101138.00,21.22,3.00,0.00,70.25,0.00,735.65,3296.23,0.00,768.15,759.52,1896.43,1886.68,1900.56,1897.81,0.000,0.000,0.000,0.000,0.000,0.000,0.000,0.000,0.000,0.000,0.000,0.000,0.000,0.000,0.000,0.000,0.000,0.000,0.000,0.000,0.000,0.000,0.000,0.000,0.000,0.000,0.000,0.000,3.700,9.98,0.00,0.00,0.00,52,2,0.000000,0.000000,0,0
04/06/2026 22:54:51,30.50,29.92,59.72,101132.00,21.24,3.00,0.00,70.69,0.00,733.65,3296.23,0.00,766.15,757.65,1896.06,1886.31,1900.43,1897.68,0.000,0.000,0.000,0.000,0.000,0.000,0.000,0.000,0.000,0.000,0.000,0.000,0.000,0.000,0.000,0.000,0.000,0.000,0.000,0.000,0.000,0.000,0.000,0.000,0.000,0.000,0.000,0.000,3.700,9.98,0.00,0.00,0.00,52,2,0.000000,0.000000,0,0
04/06/2026 22:55:01,30.50,29.93,59.75,101141.00,21.25,3.00,0.00,69.37,0.00,733.40,3296.23,0.00,766.90,758.77,1896.18,1886.68,1900.93,1897.56,0.000,0.000,0.000,0.000,0.000,0.000,0.000,0.000,0.000,0.000,0.000,0.000,0.000,0.000,0.000,0.000,0.000,0.000,0.000,0.000,0.000,0.000,0.000,0.000,0.000,0.000,0.000,0.000,3.700,9.98,0.00,0.00,0.00,52,2,0.000000,0.000000,0,0
04/06/2026 22:55:11,30.50,29.93,59.69,101129.00,21.24,3.00,0.00,59.74,0.00,732.02,3296.23,0.00,767.77,759.15,1895.68,1886.56,1900.68,1897.18,0.000,0.000,0.000,0.000,0.000,0.000,0.000,0.000,0.000,0.000,0.000,0.000,0.000,0.000,0.000,0.000,0.000,0.000,0.000,0.000,0.000,0.000,0.000,0.000,0.000,0.000,0.000,0.000,3.700,9.98,0.00,0.00,0.00,52,2,0.000000,0.000000,0,0
04/06/2026 22:55:21,30.60,29.94,59.61,101144.00,21.22,3.00,0.00,68.28,0.00,731.77,3296.23,0.00,766.02,757.40,1896.18,1886.68,1900.81,1897.18,0.000,0.000,0.000,0.000,0.000,0.000,0.000,0.000,0.000,0.000,0.000,0.000,0.000,0.000,0.000,0.000,0.000,0.000,0.000,0.000,0.000,0.000,0.000,0.000,0.000,0.000,0.000,0.000,3.700,9.98,0.00,0.00,0.00,52,2,0.000000,0.000000,0,0
04/06/2026 22:55:31,30.50,29.94,59.58,101126.00,21.22,9.00,0.00,63.90,0.00,731.15,3296.35,0.00,761.02,752.15,1895.81,1886.56,1901.18,1897.31,0.000,0.000,0.000,0.000,0.000,0.000,0.000,0.000,0.000,0.000,0.000,0.000,0.000,0.000,0.000,0.000,0.000,0.000,0.000,0.000,0.000,0.000,0.000,0.000,0.000,0.000,0.000,0.000,3.700,9.98,0.00,0.00,0.00,52,2,0.000000,0.000000,0,0
04/06/2026 22:55:41,30.60,29.94,59.58,101132.00,21.22,3.00,0.00,58.43,0.00,729.52,3296.23,0.00,771.52,763.02,1895.81,1886.81,1900.93,1897.56,0.000,0.000,0.000,0.000,0.000,0.000,0.000,0.000,0.000,0.000,0.000,0.000,0.000,0.000,0.000,0.000,0.000,0.000,0.000,0.000,0.000,0.000,0.000,0.000,0.000,0.000,0.000,0.000,3.700,9.98,0.00,0.00,0.00,52,2,0.000000,0.000000,0,0
04/06/2026 22:55:51,30.60,29.94,59.58,101126.00,21.22,3.00,0.00,66.97,0.00,727.52,3296.23,0.00,768.27,760.77,1896.06,1886.43,1900.93,1897.56,0.000,0.000,0.000,0.000,0.000,0.000,0.000,0.000,0.000,0.000,0.000,0.000,0.000,0.000,0.000,0.000,0.000,0.000,0.000,0.000,0.000,0.000,0.000,0.000,0.000,0.000,0.000,0.000,3.700,9.98,0.00,0.00,0.00,52,2,0.000000,0.000000,0,0
04/06/2026 22:56:01,30.60,29.94,59.64,101129.00,21.23,3.00,0.00,70.69,0.00,730.52,3296.23,0.00,765.77,757.65,1895.81,1886.18,1900.81,1896.81,0.000,0.000,0.000,0.000,0.000,0.000,0.000,0.000,0.000,0.000,0.000,0.000,0.000,0.000,0.000,0.000,0.000,0.000,0.000,0.000,0.000,0.000,0.000,0.000,0.000,0.000,0.000,0.000,3.700,9.98,0.00,0.00,0.00,52,2,0.000000,0.000000,0,0
04/06/2026 22:56:11,30.60,29.95,59.72,101126.00,21.27,3.00,0.00,68.94,0.00,728.40,3296.23,0.00,766.77,759.15,1896.18,1886.68,1900.81,1897.56,0.000,0.000,0.000,0.000,0.000,0.000,0.000,0.000,0.000,0.000,0.000,0.000,0.000,0.000,0.000,0.000,0.000,0.000,0.000,0.000,0.000,0.000,0.000,0.000,0.000,0.000,0.000,0.000,3.700,9.98,0.00,0.00,0.00,52,2,0.000000,0.000000,0,0
04/06/2026 22:56:21,30.60,29.96,59.72,101126.00,21.28,3.00,0.00,70.25,0.00,725.40,3296.23,0.00,765.65,757.65,1896.18,1887.43,1900.68,1896.93,0.000,0.000,0.000,0.000,0.000,0.000,0.000,0.000,0.000,0.000,0.000,0.000,0.000,0.000,0.000,0.000,0.000,0.000,0.000,0.000,0.000,0.000,0.000,0.000,0.000,0.000,0.000,0.000,3.700,9.98,0.00,0.00,0.00,52,2,0.000000,0.000000,0,0
04/06/2026 22:56:31,30.60,29.97,59.72,101132.00,21.29,3.00,0.00,68.72,0.00,727.77,3296.23,0.00,765.40,757.52,1896.31,1887.18,1900.81,1897.18,0.000,0.000,0.000,0.000,0.000,0.000,0.000,0.000,0.000,0.000,0.000,0.000,0.000,0.000,0.000,0.000,0.000,0.000,0.000,0.000,0.000,0.000,0.000,0.000,0.000,0.000,0.000,0.000,3.700,9.98,0.00,0.00,0.00,52,2,0.000000,0.000000,0,0
04/06/2026 22:56:41,30.60,29.97,59.75,101138.00,21.29,3.00,0.00,64.12,0.00,728.02,3296.10,0.00,766.77,758.77,1896.06,1886.68,1900.56,1897.56,0.000,0.000,0.000,0.000,0.000,0.000,0.000,0.000,0.000,0.000,0.000,0.000,0.000,0.000,0.000,0.000,0.000,0.000,0.000,0.000,0.000,0.000,0.000,0.000,0.000,0.000,0.000,0.000,3.700,9.98,0.00,0.00,0.00,52,2,0.000000,0.000000,0,0
04/06/2026 22:56:51,30.60,29.99,59.72,101132.00,21.30,3.00,0.00,59.96,0.00,728.65,3296.10,0.00,765.90,758.15,1895.81,1886.56,1900.68,1897.06,0.000,0.000,0.000,0.000,0.000,0.000,0.000,0.000,0.000,0.000,0.000,0.000,0.000,0.000,0.000,0.000,0.000,0.000,0.000,0.000,0.000,0.000,0.000,0.000,0.000,0.000,0.000,0.000,3.700,9.98,0.00,0.00,0.00,52,2,0.000000,0.000000,0,0
04/06/2026 22:57:01,30.60,29.99,59.66,101138.00,21.28,3.00,0.00,65.22,0.00,728.02,3296.10,0.00,765.15,756.27,1895.93,1886.81,1900.68,1897.18,0.000,0.000,0.000,0.000,0.000,0.000,0.000,0.000,0.000,0.000,0.000,0.000,0.000,0.000,0.000,0.000,0.000,0.000,0.000,0.000,0.000,0.000,0.000,0.000,0.000,0.000,0.000,0.000,3.700,9.98,0.00,0.00,0.00,52,2,0.000000,0.000000,0,0
04/06/2026 22:57:11,30.60,30.00,59.69,101135.00,21.30,3.00,0.00,70.69,0.00,726.90,3296.10,0.00,767.27,759.27,1896.18,1886.93,1900.93,1897.81,0.000,0.000,0.000,0.000,0.000,0.000,0.000,0.000,0.000,0.000,0.000,0.000,0.000,0.000,0.000,0.000,0.000,0.000,0.000,0.000,0.000,0.000,0.000,0.000,0.000,0.000,0.000,0.000,3.700,9.98,0.00,0.00,0.00,52,2,0.000000,0.000000,0,0
04/06/2026 22:57:21,30.60,30.00,59.69,101136.00,21.30,3.00,0.00,65.87,0.00,728.02,3296.10,0.00,766.27,758.40,1896.18,1887.06,1901.06,1897.31,0.000,0.000,0.000,0.000,0.000,0.000,0.000,0.000,0.000,0.000,0.000,0.000,0.000,0.000,0.000,0.000,0.000,0.000,0.000,0.000,0.000,0.000,0.000,0.000,0.000,0.000,0.000,0.000,3.700,9.98,0.00,0.00,0.00,52,2,0.000000,0.000000,0,0
04/06/2026 22:57:31,30.60,30.00,59.72,101133.00,21.31,3.00,0.00,59.53,0.00,729.15,3296.10,0.00,764.52,756.40,1896.18,1886.81,1901.18,1897.93,0.000,0.000,0.000,0.000,0.000,0.000,0.000,0.000,0.000,0.000,0.000,0.000,0.000,0.000,0.000,0.000,0.000,0.000,0.000,0.000,0.000,0.000,0.000,0.000,0.000,0.000,0.000,0.000,3.700,9.98,0.00,0.00,0.00,52,2,0.000000,0.000000,0,0
04/06/2026 22:57:41,30.60,30.01,59.69,101133.00,21.31,3.00,0.00,58.65,0.00,729.90,3296.10,0.00,767.40,759.52,1896.06,1886.81,1900.81,1897.81,0.000,0.000,0.000,0.000,0.000,0.000,0.000,0.000,0.000,0.000,0.000,0.000,0.000,0.000,0.000,0.000,0.000,0.000,0.000,0.000,0.000,0.000,0.000,0.000,0.000,0.000,0.000,0.000,3.700,9.98,0.00,0.00,0.00,52,2,0.000000,0.000000,0,0
04/06/2026 22:57:51,30.60,30.01,59.61,101133.00,21.28,3.00,0.00,59.09,0.00,730.77,3296.10,0.00,766.77,758.15,1895.68,1886.43,1900.81,1897.56,0.000,0.000,0.000,0.000,0.000,0.000,0.000,0.000,0.000,0.000,0.000,0.000,0.000,0.000,0.000,0.000,0.000,0.000,0.000,0.000,0.000,0.000,0.000,0.000,0.000,0.000,0.000,0.000,3.700,9.98,0.00,0.00,0.00,52,2,0.000000,0.000000,0,0
04/06/2026 22:58:01,30.70,30.03,59.55,101127.00,21.29,3.00,0.00,66.09,0.00,730.65,3296.10,0.00,764.52,756.15,1895.68,1886.43,1900.81,1897.43,0.000,0.000,0.000,0.000,0.000,0.000,0.000,0.000,0.000,0.000,0.000,0.000,0.000,0.000,0.000,0.000,0.000,0.000,0.000,0.000,0.000,0.000,0.000,0.000,0.000,0.000,0.000,0.000,3.700,9.98,0.00,0.00,0.00,52,2,0.000000,0.000000,0,0
04/06/2026 22:58:11,30.70,30.03,59.55,101130.00,21.29,3.00,0.00,66.75,0.00,732.77,3296.10,0.00,767.15,758.90,1895.81,1886.93,1900.56,1897.18,0.000,0.000,0.000,0.000,0.000,0.000,0.000,0.000,0.000,0.000,0.000,0.000,0.000,0.000,0.000,0.000,0.000,0.000,0.000,0.000,0.000,0.000,0.000,0.000,0.000,0.000,0.000,0.000,3.700,9.98,0.00,0.00,0.00,52,2,0.000000,0.000000,0,0
04/06/2026 22:58:21,30.70,30.04,59.58,101124.00,21.31,3.00,0.00,61.50,0.00,732.40,3296.10,0.00,765.65,758.15,1895.81,1887.18,1900.81,1897.06,0.000,0.000,0.000,0.000,0.000,0.000,0.000,0.000,0.000,0.000,0.000,0.000,0.000,0.000,0.000,0.000,0.000,0.000,0.000,0.000,0.000,0.000,0.000,0.000,0.000,0.000,0.000,0.000,3.700,9.98,0.00,0.00,0.00,52,2,0.000000,0.000000,0,0
04/06/2026 22:58:31,30.70,30.04,59.61,101130.00,21.31,3.00,0.00,61.28,0.00,732.77,3296.10,0.00,763.90,756.15,1896.18,1887.31,1900.93,1897.31,0.000,0.000,0.000,0.000,0.000,0.000,0.000,0.000,0.000,0.000,0.000,0.000,0.000,0.000,0.000,0.000,0.000,0.000,0.000,0.000,0.000,0.000,0.000,0.000,0.000,0.000,0.000,0.000,3.700,9.98,0.00,0.00,0.00,52,2,0.000000,0.000000,0,0
04/06/2026 22:58:41,30.70,30.05,59.61,101142.00,21.32,3.00,0.00,70.47,0.00,733.77,3296.10,0.00,766.27,758.40,1896.06,1887.06,1901.31,1897.81,0.000,0.000,0.000,0.000,0.000,0.000,0.000,0.000,0.000,0.000,0.000,0.000,0.000,0.000,0.000,0.000,0.000,0.000,0.000,0.000,0.000,0.000,0.000,0.000,0.000,0.000,0.000,0.000,3.700,9.98,0.00,0.00,0.00,52,2,0.000000,0.000000,0,0
04/06/2026 22:58:51,30.70,30.06,59.61,101133.00,21.33,3.00,0.00,65.87,0.00,732.27,3296.10,0.00,765.52,757.77,1895.81,1886.81,1901.56,1897.81,0.000,0.000,0.000,0.000,0.000,0.000,0.000,0.000,0.000,0.000,0.000,0.000,0.000,0.000,0.000,0.000,0.000,0.000,0.000,0.000,0.000,0.000,0.000,0.000,0.000,0.000,0.000,0.000,3.700,9.98,0.00,0.00,0.00,52,2,0.000000,0.000000,0,0
04/06/2026 22:59:01,30.70,30.07,59.67,101133.00,21.36,3.00,0.00,58.65,0.00,731.77,3296.10,0.00,764.15,756.27,1896.18,1887.06,1900.93,1897.31,0.000,0.000,0.000,0.000,0.000,0.000,0.000,0.000,0.000,0.000,0.000,0.000,0.000,0.000,0.000,0.000,0.000,0.000,0.000,0.000,0.000,0.000,0.000,0.000,0.000,0.000,0.000,0.000,3.700,9.98,0.00,0.00,0.00,52,2,0.000000,0.000000,0,0
04/06/2026 22:59:11,30.70,30.07,59.69,101130.00,21.37,3.00,0.00,59.53,0.00,732.90,3296.10,0.00,766.27,758.77,1895.81,1887.43,1900.93,1897.56,0.000,0.000,0.000,0.000,0.000,0.000,0.000,0.000,0.000,0.000,0.000,0.000,0.000,0.000,0.000,0.000,0.000,0.000,0.000,0.000,0.000,0.000,0.000,0.000,0.000,0.000,0.000,0.000,3.700,9.98,0.00,0.00,0.00,52,2,0.000000,0.000000,0,0
04/06/2026 22:59:21,30.70,30.07,59.72,101124.00,21.38,3.00,0.00,62.81,0.00,730.77,3296.10,0.00,765.02,757.65,1896.06,1887.18,1900.93,1897.43,0.000,0.000,0.000,0.000,0.000,0.000,0.000,0.000,0.000,0.000,0.000,0.000,0.000,0.000,0.000,0.000,0.000,0.000,0.000,0.000,0.000,0.000,0.000,0.000,0.000,0.000,0.000,0.000,3.700,9.98,0.00,0.00,0.00,52,2,0.000000,0.000000,0,0
04/06/2026 22:59:31,30.70,30.07,59.75,101130.00,21.38,3.00,0.00,70.69,0.00,729.52,3296.10,0.00,764.02,756.77,1896.06,1886.93,1901.06,1897.68,0.000,0.000,0.000,0.000,0.000,0.000,0.000,0.000,0.000,0.000,0.000,0.000,0.000,0.000,0.000,0.000,0.000,0.000,0.000,0.000,0.000,0.000,0.000,0.000,0.000,0.000,0.000,0.000,3.700,9.98,0.00,0.00,0.00,52,2,0.000000,0.000000,0,0
04/06/2026 22:59:41,30.70,30.08,59.75,101133.00,21.39,3.00,0.00,63.68,0.00,730.27,3296.10,0.00,766.02,758.27,1896.18,1886.68,1900.93,1897.68,0.000,0.000,0.000,0.000,0.000,0.000,0.000,0.000,0.000,0.000,0.000,0.000,0.000,0.000,0.000,0.000,0.000,0.000,0.000,0.000,0.000,0.000,0.000,0.000,0.000,0.000,0.000,0.000,3.700,9.98,0.00,0.00,0.00,52,2,0.000000,0.000000,0,0
04/06/2026 22:59:51,30.70,30.09,59.75,101130.00,21.40,3.00,0.00,63.25,0.00,727.90,3296.10,0.00,765.40,757.65,1896.31,1886.68,1900.93,1897.56,0.000,0.000,0.000,0.000,0.000,0.000,0.000,0.000,0.000,0.000,0.000,0.000,0.000,0.000,0.000,0.000,0.000,0.000,0.000,0.000,0.000,0.000,0.000,0.000,0.000,0.000,0.000,0.000,3.700,9.98,0.00,0.00,0.00,52,2,0.000000,0.000000,0,0
04/06/2026 23:00:01,30.70,30.09,59.72,101130.00,21.40,3.00,0.00,69.59,0.00,728.02,3296.10,0.00,763.65,755.90,1896.31,1887.31,1900.81,1897.56,0.000,0.000,0.000,0.000,0.000,0.000,0.000,0.000,0.000,0.000,0.000,0.000,0.000,0.000,0.000,0.000,0.000,0.000,0.000,0.000,0.000,0.000,0.000,0.000,0.000,0.000,0.000,0.000,3.700,9.98,0.00,0.00,0.00,52,2,0.000000,0.000000,0,0
04/06/2026 23:00:11,30.70,30.10,59.72,101130.00,21.41,3.00,0.00,58.43,0.00,726.90,3296.10,0.00,766.40,758.27,1895.93,1887.56,1900.81,1897.43,0.000,0.000,0.000,0.000,0.000,0.000,0.000,0.000,0.000,0.000,0.000,0.000,0.000,0.000,0.000,0.000,0.000,0.000,0.000,0.000,0.000,0.000,0.000,0.000,0.000,0.000,0.000,0.000,3.700,9.98,0.00,0.00,0.00,52,2,0.000000,0.000000,0,0
04/06/2026 23:00:21,30.70,30.11,59.69,101142.00,21.41,3.00,0.00,64.56,0.00,729.52,3296.10,0.00,764.77,757.27,1896.56,1887.43,1900.81,1897.18,0.000,0.000,0.000,0.000,0.000,0.000,0.000,0.000,0.000,0.000,0.000,0.000,0.000,0.000,0.000,0.000,0.000,0.000,0.000,0.000,0.000,0.000,0.000,0.000,0.000,0.000,0.000,0.000,3.700,9.98,0.00,0.00,0.00,50,2,0.000000,0.000000,0,0
04/06/2026 23:00:31,30.80,30.12,59.67,101133.00,21.41,3.00,0.00,69.81,0.00,727.77,3296.10,0.00,758.77,750.15,1897.56,1887.31,1901.06,1897.68,0.000,0.000,0.000,0.000,0.000,0.000,0.000,0.000,0.000,0.000,0.000,0.000,0.000,0.000,0.000,0.000,0.000,0.000,0.000,0.000,0.000,0.000,0.000,0.000,0.000,0.000,0.000,0.000,3.700,9.98,0.00,0.00,0.00,51,2,0.000000,0.000000,0,0
04/06/2026 23:00:41,30.80,30.12,59.67,101121.00,21.41,3.00,0.00,59.74,0.00,726.52,3296.10,0.00,769.52,762.15,1896.56,1886.81,1900.93,1898.31,0.000,0.000,0.000,0.000,0.000,0.000,0.000,0.000,0.000,0.000,0.000,0.000,0.000,0.000,0.000,0.000,0.000,0.000,0.000,0.000,0.000,0.000,0.000,0.000,0.000,0.000,0.000,0.000,3.700,9.98,0.00,0.00,0.00,52,2,0.000000,0.000000,0,0
04/06/2026 23:00:51,30.80,30.14,59.69,101139.00,21.43,3.00,0.00,69.16,0.00,727.52,3296.10,0.00,768.02,760.65,1896.18,1887.06,1901.06,1897.81,0.000,0.000,0.000,0.000,0.000,0.000,0.000,0.000,0.000,0.000,0.000,0.000,0.000,0.000,0.000,0.000,0.000,0.000,0.000,0.000,0.000,0.000,0.000,0.000,0.000,0.000,0.000,0.000,3.700,9.98,0.00,0.00,0.00,52,2,0.000000,0.000000,0,0
04/06/2026 23:01:01,30.80,30.15,59.69,101130.00,21.44,3.00,0.00,58.43,0.00,727.40,3296.10,0.00,764.27,756.40,1896.06,1887.31,1901.06,1897.31,0.000,0.000,0.000,0.000,0.000,0.000,0.000,0.000,0.000,0.000,0.000,0.000,0.000,0.000,0.000,0.000,0.000,0.000,0.000,0.000,0.000,0.000,0.000,0.000,0.000,0.000,0.000,0.000,3.700,9.98,0.00,0.00,0.00,52,2,0.000000,0.000000,0,0
04/06/2026 23:01:11,30.80,30.16,59.69,101130.00,21.45,3.00,0.00,70.69,0.00,725.90,3296.10,0.00,765.65,758.02,1895.93,1887.18,1901.31,1897.81,0.000,0.000,0.000,0.000,0.000,0.000,0.000,0.000,0.000,0.000,0.000,0.000,0.000,0.000,0.000,0.000,0.000,0.000,0.000,0.000,0.000,0.000,0.000,0.000,0.000,0.000,0.000,0.000,3.700,9.98,0.00,0.00,0.00,52,2,0.000000,0.000000,0,0
04/06/2026 23:01:21,30.80,30.17,59.67,101130.00,21.45,3.00,0.00,58.43,0.00,725.90,3296.10,0.00,765.40,757.90,1895.81,1887.18,1901.06,1897.18,0.000,0.000,0.000,0.000,0.000,0.000,0.000,0.000,0.000,0.000,0.000,0.000,0.000,0.000,0.000,0.000,0.000,0.000,0.000,0.000,0.000,0.000,0.000,0.000,0.000,0.000,0.000,0.000,3.700,9.98,0.00,0.00,0.00,52,2,0.000000,0.000000,0,0
04/06/2026 23:01:31,30.80,30.18,59.72,101133.00,21.48,3.00,0.00,69.59,0.00,727.65,3296.10,0.00,764.40,757.15,1895.81,1886.93,1900.81,1897.43,0.000,0.000,0.000,0.000,0.000,0.000,0.000,0.000,0.000,0.000,0.000,0.000,0.000,0.000,0.000,0.000,0.000,0.000,0.000,0.000,0.000,0.000,0.000,0.000,0.000,0.000,0.000,0.000,3.700,9.98,0.00,0.00,0.00,52,2,0.000000,0.000000,0,0
04/06/2026 23:01:41,30.80,30.19,59.67,101130.00,21.47,3.00,0.00,58.43,0.00,725.90,3296.10,0.00,765.15,757.15,1895.93,1886.56,1900.81,1897.93,0.000,0.000,0.000,0.000,0.000,0.000,0.000,0.000,0.000,0.000,0.000,0.000,0.000,0.000,0.000,0.000,0.000,0.000,0.000,0.000,0.000,0.000,0.000,0.000,0.000,0.000,0.000,0.000,3.700,9.98,0.00,0.00,0.00,52,2,0.000000,0.000000,0,0
04/06/2026 23:01:51,30.80,30.20,59.58,101133.00,21.46,3.00,0.00,70.69,0.00,728.02,3296.10,0.00,766.15,758.27,1895.81,1886.81,1901.06,1897.43,0.000,0.000,0.000,0.000,0.000,0.000,0.000,0.000,0.000,0.000,0.000,0.000,0.000,0.000,0.000,0.000,0.000,0.000,0.000,0.000,0.000,0.000,0.000,0.000,0.000,0.000,0.000,0.000,3.700,9.98,0.00,0.00,0.00,52,2,0.000000,0.000000,0,0
04/06/2026 23:02:01,30.80,30.21,59.42,101130.00,21.43,3.00,0.00,58.43,0.00,728.15,3296.10,0.00,765.27,756.52,1895.56,1886.93,1900.81,1897.31,0.000,0.000,0.000,0.000,0.000,0.000,0.000,0.000,0.000,0.000,0.000,0.000,0.000,0.000,0.000,0.000,0.000,0.000,0.000,0.000,0.000,0.000,0.000,0.000,0.000,0.000,0.000,0.000,3.700,9.98,0.00,0.00,0.00,52,2,0.000000,0.000000,0,0
04/06/2026 23:02:11,30.90,30.21,59.28,101124.00,21.39,3.00,0.00,70.47,0.00,729.15,3296.10,0.00,765.90,756.77,1895.18,1887.56,1900.81,1897.93,0.000,0.000,0.000,0.000,0.000,0.000,0.000,0.000,0.000,0.000,0.000,0.000,0.000,0.000,0.000,0.000,0.000,0.000,0.000,0.000,0.000,0.000,0.000,0.000,0.000,0.000,0.000,0.000,3.700,9.98,0.00,0.00,0.00,52,2,0.000000,0.000000,0,0
04/06/2026 23:02:21,30.90,30.22,59.31,101130.00,21.40,3.00,0.00,59.09,0.00,729.02,3296.10,0.00,765.77,757.90,1895.06,1887.06,1900.68,1897.81,0.000,0.000,0.000,0.000,0.000,0.000,0.000,0.000,0.000,0.000,0.000,0.000,0.000,0.000,0.000,0.000,0.000,0.000,0.000,0.000,0.000,0.000,0.000,0.000,0.000,0.000,0.000,0.000,3.700,9.98,0.00,0.00,0.00,52,2,0.000000,0.000000,0,0
04/06/2026 23:02:31,30.90,30.23,59.28,101136.00,21.41,3.00,0.00,65.22,0.00,729.65,3296.10,0.00,765.02,757.65,1895.06,1887.06,1900.81,1898.06,0.000,0.000,0.000,0.000,0.000,0.000,0.000,0.000,0.000,0.000,0.000,0.000,0.000,0.000,0.000,0.000,0.000,0.000,0.000,0.000,0.000,0.000,0.000,0.000,0.000,0.000,0.000,0.000,3.700,9.98,0.00,0.00,0.00,52,2,0.000000,0.000000,0,0
04/06/2026 23:02:41,30.90,30.23,59.07,101136.00,21.35,3.00,0.00,67.40,0.00,729.65,3296.10,88.38,764.40,756.15,1895.31,1887.31,1900.93,1898.06,0.000,0.000,0.000,0.000,0.000,0.000,0.000,0.000,0.000,0.000,0.000,0.000,0.000,0.000,0.000,0.000,0.000,0.000,0.000,0.000,0.000,0.000,0.000,0.000,0.000,0.000,0.000,0.000,3.700,9.98,0.00,0.00,0.00,52,2,0.000000,0.000000,0,0
04/06/2026 23:02:51,30.90,30.23,59.07,101136.00,21.35,3.00,0.00,60.62,0.00,730.77,3296.23,384.64,766.27,758.27,1895.31,1887.68,1900.81,1897.68,0.000,0.000,0.000,0.000,0.000,0.000,0.000,0.000,0.000,0.000,0.000,0.000,0.000,0.000,0.000,0.000,0.000,0.000,0.000,0.000,0.000,0.000,0.000,0.000,0.000,0.000,0.000,0.000,3.700,9.98,0.00,0.00,0.00,52,2,0.000000,0.000000,0,0
04/06/2026 23:03:01,30.90,30.24,59.01,101136.00,21.34,3.00,0.00,70.69,0.00,729.65,3296.10,600.64,764.77,756.77,1895.31,1887.68,1900.93,1897.56,0.000,0.000,0.000,0.000,0.000,0.000,0.000,0.000,0.000,0.000,0.000,0.000,0.000,0.000,0.000,0.000,0.000,0.000,0.000,0.000,0.000,0.000,0.000,0.000,0.000,0.000,0.000,0.000,3.700,9.98,0.00,0.00,0.00,52,2,0.000000,0.000000,0,0
04/06/2026 23:03:11,30.90,30.24,58.87,101136.00,21.30,3.00,0.00,65.00,0.00,730.77,3296.10,726.02,763.77,755.52,1895.18,1887.18,1900.93,1897.43,0.000,0.000,0.000,0.000,0.000,0.000,0.000,0.000,0.000,0.000,0.000,0.000,0.000,0.000,0.000,0.000,0.000,0.000,0.000,0.000,0.000,0.000,0.000,0.000,0.000,0.000,0.000,0.000,3.700,9.98,0.00,0.00,0.00,52,2,0.000000,0.000000,0,0
04/06/2026 23:03:21,30.90,30.25,58.84,101133.00,21.30,3.00,0.00,59.09,0.00,727.02,3296.10,800.15,765.90,757.77,1895.06,1887.06,1900.93,1897.18,0.000,0.000,0.000,0.000,0.000,0.000,0.000,0.000,0.000,0.000,0.000,0.000,0.000,0.000,0.000,0.000,0.000,0.000,0.000,0.000,0.000,0.000,0.000,0.000,0.000,0.000,0.000,0.000,3.700,9.98,0.00,0.00,0.00,52,2,0.000000,0.000000,0,0
04/06/2026 23:03:31,30.90,30.25,58.87,101133.00,21.31,3.00,0.00,65.65,0.00,728.77,3296.10,846.90,758.65,750.90,1895.06,1886.68,1901.06,1897.81,0.000,0.000,0.000,0.000,0.000,0.000,0.000,0.000,0.000,0.000,0.000,0.000,0.000,0.000,0.000,0.000,0.000,0.000,0.000,0.000,0.000,0.000,0.000,0.000,0.000,0.000,0.000,0.000,3.700,9.98,0.00,0.00,0.00,52,2,0.000000,0.000000,0,0
04/06/2026 23:03:41,30.90,30.26,58.87,101133.00,21.32,3.00,0.00,69.81,0.00,727.90,3296.10,879.03,766.27,758.77,1895.18,1886.56,1900.93,1897.93,0.000,0.000,0.000,0.000,0.000,0.000,0.000,0.000,0.000,0.000,0.000,0.000,0.000,0.000,0.000,0.000,0.000,0.000,0.000,0.000,0.000,0.000,0.000,0.000,0.000,0.000,0.000,0.000,3.700,9.98,0.00,0.00,0.00,52,2,0.000000,0.000000,0,0
04/06/2026 23:03:51,30.90,30.26,58.90,101130.00,21.33,3.00,0.00,58.65,0.00,727.02,3296.10,902.90,767.02,759.77,1895.06,1886.56,1900.93,1897.81,0.000,0.000,0.000,0.000,0.000,0.000,0.000,0.000,0.000,0.000,0.000,0.000,0.000,0.000,0.000,0.000,0.000,0.000,0.000,0.000,0.000,0.000,0.000,0.000,0.000,0.000,0.000,0.000,3.700,9.98,0.00,0.00,0.00,52,2,0.000000,0.000000,0,0
04/06/2026 23:04:01,30.90,30.27,58.93,101127.00,21.35,3.00,0.00,62.81,0.00,725.90,3296.10,921.65,763.65,756.65,1895.18,1887.31,1901.06,1898.31,0.000,0.000,0.000,0.000,0.000,0.000,0.000,0.000,0.000,0.000,0.000,0.000,0.000,0.000,0.000,0.000,0.000,0.000,0.000,0.000,0.000,0.000,0.000,0.000,0.000,0.000,0.000,0.000,3.700,9.98,0.00,0.00,0.00,52,2,0.000000,0.000000,0,0
04/06/2026 23:04:11,30.90,30.27,58.93,101130.00,21.35,3.00,0.00,69.81,0.00,728.65,3296.10,938.03,762.90,755.65,1895.31,1887.43,1900.93,1897.81,0.000,0.000,0.000,0.000,0.000,0.000,0.000,0.000,0.000,0.000,0.000,0.000,0.000,0.000,0.000,0.000,0.000,0.000,0.000,0.000,0.000,0.000,0.000,0.000,0.000,0.000,0.000,0.000,3.700,9.98,0.00,0.00,0.00,52,2,0.000000,0.000000,0,0
04/06/2026 23:04:21,30.90,30.29,58.90,101118.00,21.35,3.00,0.00,59.96,0.00,726.40,3296.10,952.03,765.15,757.65,1895.06,1886.81,1900.56,1897.06,0.000,0.000,0.000,0.000,0.000,0.000,0.000,0.000,0.000,0.000,0.000,0.000,0.000,0.000,0.000,0.000,0.000,0.000,0.000,0.000,0.000,0.000,0.000,0.000,0.000,0.000,0.000,0.000,3.700,9.98,0.00,0.00,0.00,52,2,0.000000,0.000000,0,0
04/06/2026 23:04:31,30.90,30.29,58.81,101142.00,21.32,3.00,0.00,62.59,0.00,726.15,3296.10,963.53,764.52,756.52,1894.93,1886.93,1900.81,1897.18,0.000,0.000,0.000,0.000,0.000,0.000,0.000,0.000,0.000,0.000,0.000,0.000,0.000,0.000,0.000,0.000,0.000,0.000,0.000,0.000,0.000,0.000,0.000,0.000,0.000,0.000,0.000,0.000,3.700,9.98,0.00,0.00,0.00,52,2,0.000000,0.000000,0,0
04/06/2026 23:04:41,30.90,30.29,58.81,101130.00,21.32,3.00,0.00,69.16,0.00,725.52,3296.10,974.78,763.02,755.02,1895.06,1887.18,1900.68,1897.81,0.000,0.000,0.000,0.000,0.000,0.000,0.000,0.000,0.000,0.000,0.000,0.000,0.000,0.000,0.000,0.000,0.000,0.000,0.000,0.000,0.000,0.000,0.000,0.000,0.000,0.000,0.000,0.000,3.700,9.98,0.00,0.00,0.00,51,2,0.000000,0.000000,0,0
04/06/2026 23:04:51,30.90,30.29,58.78,101121.00,21.32,3.00,0.00,69.59,0.00,724.77,3296.23,985.66,764.77,757.27,1894.81,1887.06,1900.68,1897.56,0.000,0.000,0.000,0.000,0.000,0.000,0.000,0.000,0.000,0.000,0.000,0.000,0.000,0.000,0.000,0.000,0.000,0.000,0.000,0.000,0.000,0.000,0.000,0.000,0.000,0.000,0.000,0.000,3.700,9.98,0.00,0.00,0.00,52,2,0.000000,0.000000,0,0
04/06/2026 23:05:01,30.90,30.29,58.78,101130.00,21.32,3.00,0.00,62.59,0.00,725.77,3296.23,996.53,763.90,756.40,1894.81,1886.81,1900.56,1897.43,0.000,0.000,0.000,0.000,0.000,0.000,0.000,0.000,0.000,0.000,0.000,0.000,0.000,0.000,0.000,0.000,0.000,0.000,0.000,0.000,0.000,0.000,0.000,0.000,0.000,0.000,0.000,0.000,3.700,9.98,0.00,0.00,0.00,52,2,0.000000,0.000000,0,0
04/06/2026 23:05:11,30.90,30.29,58.81,101124.00,21.32,3.00,0.00,58.43,0.00,726.40,3296.35,1004.41,762.77,755.02,1895.06,1886.81,1900.81,1897.06,0.000,0.000,0.000,0.000,0.000,0.000,0.000,0.000,0.000,0.000,0.000,0.000,0.000,0.000,0.000,0.000,0.000,0.000,0.000,0.000,0.000,0.000,0.000,0.000,0.000,0.000,0.000,0.000,3.700,9.98,0.00,0.00,0.00,52,2,0.000000,0.000000,0,0
04/06/2026 23:05:21,30.90,30.29,58.84,101133.00,21.33,3.00,0.00,60.40,0.00,727.02,3296.35,1013.53,762.65,755.15,1895.31,1887.93,1900.93,1897.43,0.000,0.000,0.000,0.000,0.000,0.000,0.000,0.000,0.000,0.000,0.000,0.000,0.000,0.000,0.000,0.000,0.000,0.000,0.000,0.000,0.000,0.000,0.000,0.000,0.000,0.000,0.000,0.000,3.700,9.98,0.00,0.00,0.00,51,2,0.000000,0.000000,0,0
04/06/2026 23:05:31,30.90,30.29,58.81,101133.00,21.32,3.00,0.00,58.87,0.00,731.02,3296.35,1023.16,757.77,750.27,1895.18,1887.68,1901.31,1897.68,0.000,0.000,0.000,0.000,0.000,0.000,0.000,0.000,0.000,0.000,0.000,0.000,0.000,0.000,0.000,0.000,0.000,0.000,0.000,0.000,0.000,0.000,0.000,0.000,0.000,0.000,0.000,0.000,3.700,9.98,0.00,0.00,0.00,52,2,0.000000,0.000000,0,0
04/06/2026 23:05:40,30.90,30.29,58.78,101124.00,21.32,3.00,0.00,65.22,0.00,728.02,3296.35,1030.41,767.65,760.27,1895.06,1887.06,1900.93,1897.93,0.000,0.000,0.000,0.000,0.000,0.000,0.000,0.000,0.000,0.000,0.000,0.000,0.000,0.000,0.000,0.000,0.000,0.000,0.000,0.000,0.000,0.000,0.000,0.000,0.000,0.000,0.000,0.000,3.700,9.98,0.00,0.00,0.00,52,2,0.000000,0.000000,0,0
04/06/2026 23:05:50,30.90,30.30,58.78,101112.00,21.33,3.00,0.00,62.59,0.00,729.02,3296.23,1037.41,766.65,759.02,1894.68,1886.68,1900.93,1897.93,0.027,0.000,0.000,0.000,0.000,0.000,0.000,0.000,0.000,0.000,0.000,0.000,0.000,0.000,0.000,0.000,0.000,0.000,0.000,0.000,0.000,0.000,0.000,0.000,0.000,0.000,0.000,0.000,3.700,9.98,0.00,0.00,0.00,52,2,0.000000,0.000000,0,0
04/06/2026 23:06:00,30.90,30.30,58.75,101112.00,21.32,3.00,0.00,61.93,0.00,730.90,3296.35,1044.16,764.15,756.65,1894.93,1886.43,1900.43,1897.68,0.027,0.000,0.000,0.000,0.000,0.000,0.000,0.000,0.000,0.000,0.000,0.000,0.000,0.000,0.000,0.000,0.000,0.000,0.000,0.000,0.000,0.000,0.000,0.000,0.000,0.000,0.000,0.000,3.700,9.98,0.00,0.00,0.00,52,2,0.000000,0.000000,0,0
04/06/2026 23:06:10,30.90,30.30,58.72,101121.00,21.31,3.00,0.00,69.59,0.00,726.02,3296.23,1051.66,763.02,755.40,1894.93,1886.56,1900.93,1897.68,0.000,0.000,0.000,0.000,0.000,0.000,0.000,0.000,0.000,0.000,0.000,0.000,0.000,0.000,0.000,0.000,0.000,0.000,0.000,0.000,0.000,0.000,0.000,0.000,0.000,0.000,0.000,0.000,3.700,9.98,0.00,0.00,0.00,52,2,0.000000,0.000000,0,0
04/06/2026 23:06:20,30.90,30.31,58.66,101121.00,21.30,3.00,0.00,61.93,0.00,729.15,3296.35,1057.28,764.77,756.52,1894.56,1886.81,1900.43,1897.68,0.000,0.000,0.000,0.000,0.000,0.000,0.000,0.000,0.000,0.000,0.000,0.000,0.000,0.000,0.000,0.000,0.000,0.000,0.000,0.000,0.000,0.000,0.000,0.000,0.000,0.000,0.000,0.000,3.700,9.98,0.00,0.00,0.00,52,2,0.000000,0.000000,0,0
04/06/2026 23:06:30,30.90,30.30,58.60,101121.00,21.28,3.00,0.00,61.06,0.00,729.02,3296.23,1063.78,764.65,756.52,1894.43,1887.31,1900.68,1898.06,0.000,0.000,0.000,0.000,0.000,0.000,0.000,0.000,0.000,0.000,0.000,0.000,0.000,0.000,0.000,0.000,0.000,0.000,0.000,0.000,0.000,0.000,0.000,0.000,0.000,0.000,0.000,0.000,3.700,9.98,0.00,0.00,0.00,52,2,0.000000,0.000000,0,0
04/06/2026 23:06:40,30.90,30.31,58.60,101130.00,21.29,3.00,0.00,70.69,0.00,733.27,3296.23,1073.28,762.77,755.15,1894.31,1887.56,1900.93,1897.93,0.000,0.000,0.000,0.000,0.000,0.000,0.000,0.000,0.000,0.000,0.000,0.000,0.000,0.000,0.000,0.000,0.000,0.000,0.000,0.000,0.000,0.000,0.000,0.000,0.000,0.000,0.000,0.000,3.700,9.98,0.00,0.00,0.00,52,2,0.000000,0.000000,0,0
04/06/2026 23:06:50,30.90,30.32,58.58,101124.00,21.29,3.00,0.00,65.00,0.00,729.02,3296.23,1078.28,763.52,756.27,1894.43,1886.68,1900.81,1897.56,0.000,0.000,0.000,0.000,0.000,0.000,0.000,0.000,0.000,0.000,0.000,0.000,0.000,0.000,0.000,0.000,0.000,0.000,0.000,0.000,0.000,0.000,0.000,0.000,0.000,0.000,0.000,0.000,3.700,9.98,0.00,0.00,0.00,52,2,0.000000,0.000000,0,0
04/06/2026 23:07:00,30.90,30.31,58.60,101121.00,21.29,3.00,0.00,62.37,0.00,729.77,3296.23,1082.91,763.65,756.15,1894.68,1886.81,1900.56,1897.31,0.000,0.000,0.000,0.000,0.000,0.000,0.000,0.000,0.000,0.000,0.000,0.000,0.000,0.000,0.000,0.000,0.000,0.000,0.000,0.000,0.000,0.000,0.000,0.000,0.000,0.000,0.000,0.000,3.700,9.98,0.00,0.00,0.00,52,2,0.000000,0.000000,0,0
04/06/2026 23:07:10,30.90,30.32,58.63,101115.00,21.31,3.00,0.00,66.97,0.00,731.65,3296.35,1089.66,762.52,755.52,1894.56,1886.81,1900.81,1896.93,0.000,0.000,0.000,0.000,0.000,0.000,0.000,0.000,0.000,0.000,0.000,0.000,0.000,0.000,0.000,0.000,0.000,0.000,0.000,0.000,0.000,0.000,0.000,0.000,0.000,0.000,0.000,0.000,3.700,9.98,0.00,0.00,0.00,52,2,0.000000,0.000000,0,0
04/06/2026 23:07:20,30.90,30.31,58.69,101124.00,21.31,3.00,0.00,62.81,0.00,727.90,3296.35,1096.03,763.02,755.77,1894.81,1886.81,1900.93,1897.43,0.000,0.000,0.000,0.000,0.000,0.000,0.000,0.000,0.000,0.000,0.000,0.000,0.000,0.000,0.000,0.000,0.000,0.000,0.000,0.000,0.000,0.000,0.000,0.000,0.000,0.000,0.000,0.000,3.700,9.98,0.00,0.00,0.00,52,2,0.000000,0.000000,0,0
04/06/2026 23:07:30,30.90,30.31,58.72,101118.00,21.32,3.00,0.00,67.62,0.00,723.77,3296.23,1099.66,763.15,756.52,1894.68,1887.56,1901.31,1898.31,0.000,0.000,0.000,0.000,0.000,0.000,0.000,0.000,0.000,0.000,0.000,0.000,0.000,0.000,0.000,0.000,0.000,0.000,0.000,0.000,0.000,0.000,0.000,0.000,0.000,0.000,0.000,0.000,3.700,9.98,0.00,0.00,0.00,52,2,0.000000,0.000000,0,0
04/06/2026 23:07:40,30.90,30.32,58.72,101121.00,21.33,3.00,0.00,60.84,0.00,728.02,3296.35,1106.66,762.15,755.15,1894.43,1886.68,1900.93,1897.93,0.000,0.000,0.000,0.000,0.000,0.000,0.000,0.000,0.000,0.000,0.000,0.000,0.000,0.000,0.000,0.000,0.000,0.000,0.000,0.000,0.000,0.000,0.000,0.000,0.000,0.000,0.000,0.000,3.700,9.98,0.00,0.00,0.00,52,2,0.000000,0.000000,0,0
04/06/2026 23:07:50,30.90,30.32,58.72,101121.00,21.33,3.00,0.00,70.25,0.00,726.27,3296.35,1113.66,763.27,755.40,1894.68,1887.18,1900.81,1897.81,0.000,0.000,0.000,0.000,0.000,0.000,0.000,0.000,0.000,0.000,0.000,0.000,0.000,0.000,0.000,0.000,0.000,0.000,0.000,0.000,0.000,0.000,0.000,0.000,0.000,0.000,0.000,0.000,3.700,9.98,0.00,0.00,0.00,52,2,0.000000,0.000000,0,0
04/06/2026 23:08:00,30.90,30.33,58.72,101118.00,21.34,3.00,0.00,59.31,0.00,725.52,3296.23,1118.66,763.52,756.65,1894.56,1887.18,1900.81,1897.18,0.000,0.000,0.000,0.000,0.000,0.000,0.000,0.000,0.000,0.000,0.000,0.000,0.000,0.000,0.000,0.000,0.000,0.000,0.000,0.000,0.000,0.000,0.000,0.000,0.000,0.000,0.000,0.000,3.700,9.98,0.00,0.00,0.00,52,2,0.000000,0.000000,0,0
04/06/2026 23:08:10,30.90,30.33,58.78,101109.00,21.36,3.00,0.00,65.43,0.00,724.27,3296.35,1123.66,762.15,755.15,1894.68,1886.68,1900.93,1897.81,0.000,0.000,0.000,0.000,0.000,0.000,0.000,0.000,0.000,0.000,0.000,0.000,0.000,0.000,0.000,0.000,0.000,0.000,0.000,0.000,0.000,0.000,0.000,0.000,0.000,0.000,0.000,0.000,3.700,9.98,0.00,0.00,0.00,52,2,0.000000,0.000000,0,0
04/06/2026 23:08:20,30.90,30.33,58.72,101112.00,21.34,3.00,0.00,69.16,0.00,726.40,3296.35,1130.16,762.40,754.77,1894.43,1886.31,1900.68,1897.31,0.000,0.000,0.000,0.000,0.000,0.000,0.000,0.000,0.000,0.000,0.000,0.000,0.000,0.000,0.000,0.000,0.000,0.000,0.000,0.000,0.000,0.000,0.000,0.000,0.000,0.000,0.000,0.000,3.700,9.98,0.00,0.00,0.00,52,2,0.000000,0.000000,0,0
04/06/2026 23:08:30,30.90,30.33,58.78,101112.00,21.36,3.00,0.00,60.18,0.00,724.77,3296.23,1134.03,763.52,756.27,1894.43,1886.56,1900.93,1897.43,0.000,0.000,0.000,0.000,0.000,0.000,0.000,0.000,0.000,0.000,0.000,0.000,0.000,0.000,0.000,0.000,0.000,0.000,0.000,0.000,0.000,0.000,0.000,0.000,0.000,0.000,0.000,0.000,3.700,9.98,0.00,0.00,0.00,52,2,0.000000,0.000000,0,0
04/06/2026 23:08:40,30.90,30.33,58.81,101115.00,21.36,3.00,0.00,60.40,0.00,724.90,3296.23,1139.28,762.65,755.65,1894.18,1886.56,1900.81,1897.56,0.000,0.000,0.000,0.000,0.000,0.000,0.000,0.000,0.000,0.000,0.000,0.000,0.000,0.000,0.000,0.000,0.000,0.000,0.000,0.000,0.000,0.000,0.000,0.000,0.000,0.000,0.000,0.000,3.700,9.98,0.00,0.00,0.00,52,2,0.000000,0.000000,0,0
04/06/2026 23:08:50,31.00,30.33,58.81,101133.00,21.36,3.00,0.00,63.47,0.00,726.27,3296.23,1144.28,762.02,754.27,1894.43,1887.06,1900.81,1897.31,0.000,0.000,0.000,0.000,0.000,0.000,0.000,0.000,0.000,0.000,0.000,0.000,0.000,0.000,0.000,0.000,0.000,0.000,0.000,0.000,0.000,0.000,0.000,0.000,0.000,0.000,0.000,0.000,3.700,9.98,0.00,0.00,0.00,52,2,0.000000,0.000000,0,0
04/06/2026 23:09:00,30.90,30.33,58.78,101112.00,21.36,3.00,0.00,70.25,0.00,726.27,3296.23,1149.79,764.15,756.77,1894.31,1886.68,1900.81,1897.68,0.000,0.000,0.000,0.000,0.000,0.000,0.000,0.000,0.000,0.000,0.000,0.000,0.000,0.000,0.000,0.000,0.000,0.000,0.000,0.000,0.000,0.000,0.000,0.000,0.000,0.000,0.000,0.000,3.700,9.98,0.00,0.00,0.00,52,2,0.000000,0.000000,0,0
04/06/2026 23:09:10,31.00,30.33,58.81,101113.00,21.36,3.00,0.00,68.28,0.00,725.40,3296.23,1153.54,762.65,755.40,1894.31,1886.56,1900.81,1897.43,0.027,0.000,0.000,0.000,0.000,0.000,0.000,0.000,0.000,0.000,0.000,0.000,0.000,0.000,0.000,0.000,0.000,0.000,0.000,0.000,0.000,0.000,0.000,0.000,0.000,0.000,0.000,0.000,3.700,9.98,0.00,0.00,0.00,52,2,0.000000,0.000000,0,0
04/06/2026 23:09:20,31.00,30.35,58.84,101121.00,21.39,3.00,0.00,58.65,0.00,725.90,3296.23,1159.29,761.40,754.65,1894.43,1886.56,1901.06,1897.68,0.000,0.000,0.000,0.000,0.000,0.000,0.000,0.000,0.000,0.000,0.000,0.000,0.000,0.000,0.000,0.000,0.000,0.000,0.000,0.000,0.000,0.000,0.000,0.000,0.000,0.000,0.000,0.000,3.700,9.98,0.00,0.00,0.00,52,2,0.000000,0.000000,0,0
04/06/2026 23:09:30,31.00,30.35,58.81,101133.00,21.39,3.00,0.00,59.96,0.00,728.15,3296.23,1164.16,763.52,756.77,1894.68,1886.31,1901.06,1897.93,0.000,0.000,0.000,0.000,0.000,0.000,0.000,0.000,0.000,0.000,0.000,0.000,0.000,0.000,0.000,0.000,0.000,0.000,0.000,0.000,0.000,0.000,0.000,0.000,0.000,0.000,0.000,0.000,3.700,9.98,0.00,0.00,0.00,52,2,0.000000,0.000000,0,0
04/06/2026 23:09:40,31.00,30.35,58.81,101121.00,21.39,3.00,0.00,63.68,0.00,727.02,3296.23,1169.54,763.02,755.40,1894.68,1886.43,1900.93,1897.68,0.000,0.000,0.000,0.000,0.000,0.000,0.000,0.000,0.000,0.000,0.000,0.000,0.000,0.000,0.000,0.000,0.000,0.000,0.000,0.000,0.000,0.000,0.000,0.000,0.000,0.000,0.000,0.000,3.700,9.98,0.00,0.00,0.00,52,2,0.000000,0.000000,0,0
04/06/2026 23:09:50,31.00,30.35,58.87,101124.00,21.40,3.00,0.00,70.47,0.00,729.52,3296.23,1174.29,760.52,753.77,1894.56,1886.56,1901.06,1898.06,0.000,0.000,0.000,0.000,0.000,0.000,0.000,0.000,0.000,0.000,0.000,0.000,0.000,0.000,0.000,0.000,0.000,0.000,0.000,0.000,0.000,0.000,0.000,0.000,0.000,0.000,0.000,0.000,3.700,9.98,0.00,0.00,0.00,52,2,0.000000,0.000000,0,0
04/06/2026 23:10:00,31.00,30.35,58.84,101116.00,21.39,3.00,0.00,66.31,0.00,729.40,3296.23,1178.16,763.52,756.90,1894.43,1887.06,1900.56,1897.56,0.000,0.000,0.000,0.000,0.000,0.000,0.000,0.000,0.000,0.000,0.000,0.000,0.000,0.000,0.000,0.000,0.000,0.000,0.000,0.000,0.000,0.000,0.000,0.000,0.000,0.000,0.000,0.000,3.700,9.98,0.00,0.00,0.00,52,2,0.000000,0.000000,0,0
04/06/2026 23:10:10,31.00,30.35,58.90,101116.00,21.41,3.00,0.00,68.50,0.00,729.52,3296.23,1181.91,763.15,755.77,1894.56,1887.43,1900.43,1897.56,0.000,0.000,0.000,0.000,0.000,0.000,0.000,0.000,0.000,0.000,0.000,0.000,0.000,0.000,0.000,0.000,0.000,0.000,0.000,0.000,0.000,0.000,0.000,0.000,0.000,0.000,0.000,0.000,3.700,9.98,0.00,0.00,0.00,52,2,0.000000,0.000000,0,0
04/06/2026 23:10:20,31.00,30.37,58.93,101124.00,21.44,3.00,0.00,64.34,0.00,730.65,3296.35,1186.91,760.02,753.15,1894.56,1886.93,1900.81,1897.56,0.000,0.000,0.000,0.000,0.000,0.000,0.000,0.000,0.000,0.000,0.000,0.000,0.000,0.000,0.000,0.000,0.000,0.000,0.000,0.000,0.000,0.000,0.000,0.000,0.000,0.000,0.000,0.000,3.700,9.98,0.00,0.00,0.00,52,2,0.000000,0.000000,0,0
04/06/2026 23:10:30,31.00,30.36,58.96,101124.00,21.44,3.00,0.00,59.53,0.00,729.15,3296.35,1191.54,757.02,749.77,1894.43,1887.06,1901.06,1897.68,0.000,0.000,0.000,0.000,0.000,0.000,0.000,0.000,0.000,0.000,0.000,0.000,0.000,0.000,0.000,0.000,0.000,0.000,0.000,0.000,0.000,0.000,0.000,0.000,0.000,0.000,0.000,0.000,3.700,9.98,0.00,0.00,0.00,52,2,0.000000,0.000000,0,0
04/06/2026 23:10:40,31.00,30.37,58.96,101119.00,21.45,3.00,0.00,58.43,0.00,729.15,3296.35,1193.54,767.27,759.77,1894.31,1887.43,1900.81,1897.81,0.000,0.000,0.000,0.000,0.000,0.000,0.000,0.000,0.000,0.000,0.000,0.000,0.000,0.000,0.000,0.000,0.000,0.000,0.000,0.000,0.000,0.000,0.000,0.000,0.000,0.000,0.000,0.000,3.700,9.98,0.00,0.00,0.00,52,2,0.000000,0.000000,0,0
04/06/2026 23:10:50,31.00,30.35,58.99,101119.00,21.44,3.00,0.00,68.28,0.00,729.02,3296.23,1197.66,763.52,756.27,1894.18,1886.81,1900.81,1897.56,0.000,0.000,0.000,0.000,0.000,0.000,0.000,0.000,0.000,0.000,0.000,0.000,0.000,0.000,0.000,0.000,0.000,0.000,0.000,0.000,0.000,0.000,0.000,0.000,0.000,0.000,0.000,0.000,3.700,9.98,0.00,0.00,0.00,51,2,0.000000,0.000000,0,0
04/06/2026 23:11:00,31.00,30.37,58.96,101124.00,21.45,3.00,0.00,65.00,0.00,730.65,3296.23,1202.41,763.77,756.27,1894.18,1886.56,1900.81,1897.31,0.000,0.000,0.000,0.000,0.000,0.000,0.000,0.000,0.000,0.000,0.000,0.000,0.000,0.000,0.000,0.000,0.000,0.000,0.000,0.000,0.000,0.000,0.000,0.000,0.000,0.000,0.000,0.000,3.700,9.98,0.00,0.00,0.00,52,2,0.000000,0.000000,0,0
04/06/2026 23:11:10,31.00,30.39,58.96,101124.00,21.47,3.00,0.00,59.09,0.00,729.52,3296.23,1206.41,763.02,755.90,1894.43,1887.06,1900.56,1897.18,0.000,0.000,0.000,0.000,0.000,0.000,0.000,0.000,0.000,0.000,0.000,0.000,0.000,0.000,0.000,0.000,0.000,0.000,0.000,0.000,0.000,0.000,0.000,0.000,0.000,0.000,0.000,0.000,3.700,9.98,0.00,0.00,0.00,52,2,0.000000,0.000000,0,0
04/06/2026 23:11:20,31.00,30.39,58.96,101130.00,21.47,3.00,0.00,63.25,0.00,729.02,3296.35,1210.16,761.40,754.15,1894.31,1887.31,1901.31,1898.06,0.000,0.000,0.000,0.000,0.000,0.000,0.000,0.000,0.000,0.000,0.000,0.000,0.000,0.000,0.000,0.000,0.000,0.000,0.000,0.000,0.000,0.000,0.000,0.000,0.000,0.000,0.000,0.000,3.700,9.98,0.00,0.00,0.00,52,2,0.000000,0.000000,0,0
04/06/2026 23:11:30,31.00,30.39,58.84,101122.00,21.43,3.00,0.00,69.16,0.00,728.27,3296.10,1214.16,763.90,756.40,1894.31,1887.18,1901.06,1898.56,0.000,0.000,0.000,0.000,0.000,0.000,0.000,0.000,0.000,0.000,0.000,0.000,0.000,0.000,0.000,0.000,0.000,0.000,0.000,0.000,0.000,0.000,0.000,0.000,0.000,0.000,0.000,0.000,3.700,9.98,0.00,0.00,0.00,52,2,0.000000,0.000000,0,0
04/06/2026 23:11:40,31.00,30.39,58.84,101130.00,21.43,3.00,0.00,70.47,0.00,729.52,3296.23,1217.91,762.52,755.27,1894.18,1887.18,1900.68,1898.18,0.000,0.000,0.000,0.000,0.000,0.000,0.000,0.000,0.000,0.000,0.000,0.000,0.000,0.000,0.000,0.000,0.000,0.000,0.000,0.000,0.000,0.000,0.000,0.000,0.000,0.000,0.000,0.000,3.700,9.98,0.00,0.00,0.00,52,2,0.000000,0.000000,0,0
04/06/2026 23:11:50,31.00,30.39,58.84,101119.00,21.43,3.00,0.00,59.53,0.00,725.02,3296.23,1223.29,761.52,754.52,1894.06,1886.43,1900.93,1898.18,0.000,0.000,0.000,0.000,0.000,0.000,0.000,0.000,0.000,0.000,0.000,0.000,0.000,0.000,0.000,0.000,0.000,0.000,0.000,0.000,0.000,0.000,0.000,0.000,0.000,0.000,0.000,0.000,3.700,9.98,0.00,0.00,0.00,52,2,0.000000,0.000000,0,0
04/06/2026 23:12:00,31.00,30.39,58.90,101113.00,21.45,3.00,0.00,68.72,0.00,726.15,3296.10,1227.41,762.52,755.52,1894.31,1886.93,1900.81,1897.43,0.000,0.000,0.000,0.000,0.000,0.000,0.000,0.000,0.000,0.000,0.000,0.000,0.000,0.000,0.000,0.000,0.000,0.000,0.000,0.000,0.000,0.000,0.000,0.000,0.000,0.000,0.000,0.000,3.700,9.98,0.00,0.00,0.00,52,2,0.000000,0.000000,0,0
04/06/2026 23:12:10,31.00,30.39,58.90,101119.00,21.45,3.00,0.00,68.72,0.00,725.52,3296.10,1231.16,762.65,755.65,1894.43,1887.18,1900.56,1897.43,0.000,0.000,0.000,0.000,0.000,0.000,0.000,0.000,0.000,0.000,0.000,0.000,0.000,0.000,0.000,0.000,0.000,0.000,0.000,0.000,0.000,0.000,0.000,0.000,0.000,0.000,0.000,0.000,3.700,9.98,0.00,0.00,0.00,52,2,0.000000,0.000000,0,0
04/06/2026 23:12:20,31.00,30.39,58.93,101116.00,21.46,3.00,0.00,62.59,0.00,727.02,3296.23,1234.79,761.65,754.40,1894.06,1886.68,1900.68,1897.43,0.027,0.000,0.000,0.000,0.000,0.000,0.000,0.000,0.000,0.000,0.000,0.000,0.000,0.000,0.000,0.000,0.000,0.000,0.000,0.000,0.000,0.000,0.000,0.000,0.000,0.000,0.000,0.000,3.700,9.98,0.00,0.00,0.00,52,2,0.000000,0.000000,0,0
04/06/2026 23:12:30,31.00,30.39,58.96,101125.00,21.47,3.00,0.00,58.43,0.00,726.90,3296.23,1238.54,762.52,755.40,1894.31,1886.31,1900.68,1897.43,0.000,0.000,0.000,0.000,0.000,0.000,0.000,0.000,0.000,0.000,0.000,0.000,0.000,0.000,0.000,0.000,0.000,0.000,0.000,0.000,0.000,0.000,0.000,0.000,0.000,0.000,0.000,0.000,3.700,9.98,0.00,0.00,0.00,52,2,0.000000,0.000000,0,0
04/06/2026 23:12:40,31.00,30.39,58.93,101122.00,21.46,3.00,0.00,69.81,0.00,725.90,3296.23,1242.16,762.90,755.65,1893.93,1886.31,1900.68,1897.81,0.027,0.000,0.000,0.000,0.000,0.000,0.000,0.000,0.000,0.000,0.000,0.000,0.000,0.000,0.000,0.000,0.000,0.000,0.000,0.000,0.000,0.000,0.000,0.000,0.000,0.000,0.000,0.000,3.700,9.98,0.00,0.00,0.00,52,2,0.000000,0.000000,0,0
04/06/2026 23:12:50,31.00,30.39,58.93,101116.00,21.46,3.00,0.00,68.06,0.00,725.15,3296.10,1244.66,761.65,754.52,1893.68,1886.56,1900.93,1898.31,0.027,0.000,0.000,0.000,0.000,0.000,0.000,0.000,0.000,0.000,0.000,0.000,0.000,0.000,0.000,0.000,0.000,0.000,0.000,0.000,0.000,0.000,0.000,0.000,0.000,0.000,0.000,0.000,3.700,9.98,0.00,0.00,0.00,52,2,0.000000,0.000000,0,0
04/06/2026 23:13:00,31.00,30.39,58.84,101128.00,21.43,3.00,0.00,62.15,0.00,723.90,3296.10,1248.41,763.27,754.90,1894.06,1886.68,1900.68,1898.18,0.000,0.000,0.000,0.000,0.000,0.000,0.000,0.000,0.000,0.000,0.000,0.000,0.000,0.000,0.000,0.000,0.000,0.000,0.000,0.000,0.000,0.000,0.000,0.000,0.000,0.000,0.000,0.000,3.700,9.98,0.00,0.00,0.00,52,2,0.000000,0.000000,0,0
04/06/2026 23:13:10,31.00,30.39,58.81,101128.00,21.43,3.00,0.00,59.96,0.00,728.02,3296.10,1253.04,763.77,755.65,1893.81,1887.18,1900.31,1897.56,0.000,0.000,0.000,0.000,0.000,0.000,0.000,0.000,0.000,0.000,0.000,0.000,0.000,0.000,0.000,0.000,0.000,0.000,0.000,0.000,0.000,0.000,0.000,0.000,0.000,0.000,0.000,0.000,3.700,9.98,0.00,0.00,0.00,52,2,0.000000,0.000000,0,0
04/06/2026 23:13:20,31.00,30.39,58.72,101125.00,21.40,3.00,0.00,70.69,0.00,728.15,3296.23,1255.91,762.90,754.90,1893.81,1887.06,1900.68,1897.43,0.000,0.000,0.000,0.000,0.000,0.000,0.000,0.000,0.000,0.000,0.000,0.000,0.000,0.000,0.000,0.000,0.000,0.000,0.000,0.000,0.000,0.000,0.000,0.000,0.000,0.000,0.000,0.000,3.700,9.98,0.00,0.00,0.00,52,2,0.000000,0.000000,0,0
04/06/2026 23:13:30,31.00,30.39,58.63,101119.00,21.38,3.00,0.00,66.97,0.00,729.90,3296.10,1259.66,762.02,754.02,1893.68,1886.93,1900.43,1897.81,0.027,0.000,0.000,0.000,0.000,0.000,0.000,0.000,0.000,0.000,0.000,0.000,0.000,0.000,0.000,0.000,0.000,0.000,0.000,0.000,0.000,0.000,0.000,0.000,0.000,0.000,0.000,0.000,3.700,9.98,0.00,0.00,0.00,52,2,0.000000,0.000000,0,0
04/06/2026 23:13:40,31.00,30.39,58.63,101119.00,21.38,3.00,0.00,58.43,0.00,728.65,3296.10,1264.04,763.15,755.40,1893.56,1886.43,1900.56,1897.93,0.000,0.000,0.000,0.000,0.000,0.000,0.000,0.000,0.000,0.000,0.000,0.000,0.000,0.000,0.000,0.000,0.000,0.000,0.000,0.000,0.000,0.000,0.000,0.000,0.000,0.000,0.000,0.000,3.700,9.98,0.00,0.00,0.00,52,2,0.000000,0.000000,0,0
04/06/2026 23:13:50,31.00,30.39,58.63,101128.00,21.38,3.00,0.00,59.96,0.00,729.90,3296.10,1268.91,761.27,754.27,1893.93,1886.81,1900.56,1897.68,0.000,0.000,0.000,0.000,0.000,0.000,0.000,0.000,0.000,0.000,0.000,0.000,0.000,0.000,0.000,0.000,0.000,0.000,0.000,0.000,0.000,0.000,0.000,0.000,0.000,0.000,0.000,0.000,3.700,9.98,0.00,0.00,0.00,52,2,0.000000,0.000000,0,0
04/06/2026 23:14:00,31.00,30.39,58.58,101125.00,21.36,3.00,0.00,64.12,0.00,730.52,3296.10,1272.04,761.40,754.02,1894.18,1887.31,1901.06,1898.56,0.000,0.000,0.000,0.000,0.000,0.000,0.000,0.000,0.000,0.000,0.000,0.000,0.000,0.000,0.000,0.000,0.000,0.000,0.000,0.000,0.000,0.000,0.000,0.000,0.000,0.000,0.000,0.000,3.700,9.98,0.00,0.00,0.00,52,2,0.000000,0.000000,0,0
04/06/2026 23:14:10,31.00,30.39,58.60,101131.00,21.37,3.00,0.00,70.47,0.00,730.02,3296.10,1275.66,762.77,755.27,1893.56,1887.06,1900.68,1898.18,0.000,0.000,0.000,0.000,0.000,0.000,0.000,0.000,0.000,0.000,0.000,0.000,0.000,0.000,0.000,0.000,0.000,0.000,0.000,0.000,0.000,0.000,0.000,0.000,0.000,0.000,0.000,0.000,3.700,9.98,0.00,0.00,0.00,52,2,0.000000,0.000000,0,0
04/06/2026 23:14:20,31.00,30.39,58.42,101125.00,21.32,3.00,0.00,68.72,0.00,731.02,3296.23,1278.79,762.15,754.65,1893.31,1886.81,1900.56,1897.68,0.000,0.000,0.000,0.000,0.000,0.000,0.000,0.000,0.000,0.000,0.000,0.000,0.000,0.000,0.000,0.000,0.000,0.000,0.000,0.000,0.000,0.000,0.000,0.000,0.000,0.000,0.000,0.000,3.700,9.98,0.00,0.00,0.00,52,2,0.000000,0.000000,0,0
04/06/2026 23:14:30,31.00,30.39,58.34,101116.00,21.30,3.00,0.00,62.81,0.00,731.15,3296.10,1282.29,762.15,754.40,1893.18,1887.56,1900.31,1897.81,0.000,0.000,0.000,0.000,0.000,0.000,0.000,0.000,0.000,0.000,0.000,0.000,0.000,0.000,0.000,0.000,0.000,0.000,0.000,0.000,0.000,0.000,0.000,0.000,0.000,0.000,0.000,0.000,3.700,9.98,0.00,0.00,0.00,52,2,0.000000,0.000000,0,0
04/06/2026 23:14:40,31.00,30.39,58.34,101119.00,21.30,3.00,0.00,60.18,0.00,731.65,3296.10,1286.54,763.15,755.65,1893.68,1887.43,1900.43,1898.18,0.000,0.000,0.000,0.000,0.000,0.000,0.000,0.000,0.000,0.000,0.000,0.000,0.000,0.000,0.000,0.000,0.000,0.000,0.000,0.000,0.000,0.000,0.000,0.000,0.000,0.000,0.000,0.000,3.700,9.98,0.00,0.00,0.00,52,2,0.000000,0.000000,0,0
04/06/2026 23:14:50,31.00,30.39,58.39,101113.00,21.31,3.00,0.00,58.43,0.00,730.77,3296.10,1289.66,761.65,754.52,1893.93,1887.43,1900.56,1898.43,0.000,0.000,0.000,0.000,0.000,0.000,0.000,0.000,0.000,0.000,0.000,0.000,0.000,0.000,0.000,0.000,0.000,0.000,0.000,0.000,0.000,0.000,0.000,0.000,0.000,0.000,0.000,0.000,3.700,9.98,0.00,0.00,0.00,52,2,0.000000,0.000000,0,0
04/06/2026 23:15:00,31.00,30.40,58.36,101125.00,21.31,3.00,0.00,58.43,0.00,731.90,3296.10,1292.91,760.90,753.65,1893.56,1887.06,1900.43,1898.06,0.000,0.000,0.000,0.000,0.000,0.000,0.000,0.000,0.000,0.000,0.000,0.000,0.000,0.000,0.000,0.000,0.000,0.000,0.000,0.000,0.000,0.000,0.000,0.000,0.000,0.000,0.000,0.000,3.700,9.98,0.00,0.00,0.00,52,2,0.000000,0.000000,0,0
04/06/2026 23:15:10,31.00,30.40,58.34,101116.00,21.31,3.00,0.00,60.62,0.00,729.90,3296.10,1294.54,763.40,755.90,1893.43,1887.06,1900.31,1898.06,0.000,0.000,0.000,0.000,0.000,0.000,0.000,0.000,0.000,0.000,0.000,0.000,0.000,0.000,0.000,0.000,0.000,0.000,0.000,0.000,0.000,0.000,0.000,0.000,0.000,0.000,0.000,0.000,3.700,9.98,0.00,0.00,0.00,52,2,0.000000,0.000000,0,0
04/06/2026 23:15:20,31.10,30.40,58.37,101122.00,21.31,3.00,0.00,58.87,0.00,731.15,3296.10,1299.04,761.77,754.65,1893.43,1887.31,1900.43,1897.81,0.000,0.000,0.000,0.000,0.000,0.000,0.000,0.000,0.000,0.000,0.000,0.000,0.000,0.000,0.000,0.000,0.000,0.000,0.000,0.000,0.000,0.000,0.000,0.000,0.000,0.000,0.000,0.000,3.700,9.98,0.00,0.00,0.00,52,2,0.000000,0.000000,0,0
04/06/2026 23:15:30,31.00,30.40,58.25,101110.00,21.28,3.00,0.00,66.75,0.00,728.15,3296.23,1302.91,753.77,746.02,1893.18,1886.81,1900.31,1897.56,0.000,0.000,0.000,0.000,0.000,0.000,0.000,0.000,0.000,0.000,0.000,0.000,0.000,0.000,0.000,0.000,0.000,0.000,0.000,0.000,0.000,0.000,0.000,0.000,0.000,0.000,0.000,0.000,3.700,9.98,0.00,0.00,0.00,52,2,0.000000,0.000000,0,0
04/06/2026 23:15:40,31.00,30.40,58.25,101119.00,21.28,3.00,0.00,68.94,0.00,727.40,3296.23,1306.04,766.15,758.27,1893.43,1886.56,1900.43,1898.06,0.000,0.000,0.000,0.000,0.000,0.000,0.000,0.000,0.000,0.000,0.000,0.000,0.000,0.000,0.000,0.000,0.000,0.000,0.000,0.000,0.000,0.000,0.000,0.000,0.000,0.000,0.000,0.000,3.700,9.98,0.00,0.00,0.00,52,2,0.000000,0.000000,0,0
04/06/2026 23:15:50,31.10,30.40,58.25,101131.00,21.28,3.00,0.00,69.59,0.00,726.77,3296.10,1309.54,765.02,757.77,1893.43,1887.06,1900.43,1897.93,0.000,0.000,0.000,0.000,0.000,0.000,0.000,0.000,0.000,0.000,0.000,0.000,0.000,0.000,0.000,0.000,0.000,0.000,0.000,0.000,0.000,0.000,0.000,0.000,0.000,0.000,0.000,0.000,3.700,9.98,0.00,0.00,0.00,52,2,0.000000,0.000000,0,0
04/06/2026 23:16:00,31.10,30.40,58.28,101113.00,21.29,3.00,0.00,70.47,0.00,727.02,3296.23,1312.54,760.77,753.77,1893.56,1887.06,1900.31,1897.93,0.000,0.000,0.000,0.000,0.000,0.000,0.000,0.000,0.000,0.000,0.000,0.000,0.000,0.000,0.000,0.000,0.000,0.000,0.000,0.000,0.000,0.000,0.000,0.000,0.000,0.000,0.000,0.000,3.700,9.98,0.00,0.00,0.00,52,2,0.000000,0.000000,0,0
04/06/2026 23:16:10,31.10,30.40,58.39,101116.00,21.32,3.00,0.00,64.78,0.00,729.02,3296.10,1316.04,762.65,755.15,1893.56,1886.68,1900.56,1897.68,0.000,0.000,0.000,0.000,0.000,0.000,0.000,0.000,0.000,0.000,0.000,0.000,0.000,0.000,0.000,0.000,0.000,0.000,0.000,0.000,0.000,0.000,0.000,0.000,0.000,0.000,0.000,0.000,3.700,9.98,0.00,0.00,0.00,52,2,0.000000,0.000000,0,0
04/06/2026 23:16:20,31.10,30.40,58.39,101131.00,21.32,3.00,0.00,59.09,0.00,725.52,3296.10,1319.67,761.90,754.65,1893.68,1886.56,1900.31,1897.81,0.000,0.000,0.000,0.000,0.000,0.000,0.000,0.000,0.000,0.000,0.000,0.000,0.000,0.000,0.000,0.000,0.000,0.000,0.000,0.000,0.000,0.000,0.000,0.000,0.000,0.000,0.000,0.000,3.700,9.98,0.00,0.00,0.00,52,2,0.000000,0.000000,0,0
04/06/2026 23:16:30,31.10,30.40,58.25,101119.00,21.28,3.00,0.00,58.43,0.00,726.02,3296.10,1321.42,761.40,753.52,1893.31,1886.68,1900.31,1898.18,0.000,0.000,0.000,0.000,0.000,0.000,0.000,0.000,0.000,0.000,0.000,0.000,0.000,0.000,0.000,0.000,0.000,0.000,0.000,0.000,0.000,0.000,0.000,0.000,0.000,0.000,0.000,0.000,3.700,9.98,0.00,0.00,0.00,52,2,0.000000,0.000000,0,0
04/06/2026 23:16:40,31.10,30.40,58.01,101116.00,21.21,3.00,0.00,65.65,0.00,727.02,3296.10,1324.04,763.65,754.65,1893.06,1887.06,1900.06,1897.81,0.000,0.000,0.000,0.000,0.000,0.000,0.000,0.000,0.000,0.000,0.000,0.000,0.000,0.000,0.000,0.000,0.000,0.000,0.000,0.000,0.000,0.000,0.000,0.000,0.000,0.000,0.000,0.000,3.700,9.98,0.00,0.00,0.00,52,2,0.000000,0.000000,0,0
04/06/2026 23:16:50,31.10,30.40,57.96,101119.00,21.20,3.00,0.00,70.47,0.00,727.52,3296.23,1326.67,763.27,754.90,1892.56,1886.68,1900.06,1897.81,0.000,0.000,0.000,0.000,0.000,0.000,0.000,0.000,0.000,0.000,0.000,0.000,0.000,0.000,0.000,0.000,0.000,0.000,0.000,0.000,0.000,0.000,0.000,0.000,0.000,0.000,0.000,0.000,3.700,9.98,0.00,0.00,0.00,52,2,0.000000,0.000000,0,0
04/06/2026 23:17:00,31.10,30.40,57.96,101119.00,21.20,3.00,0.00,68.50,0.00,724.40,3296.10,1330.92,760.77,752.90,1892.93,1887.31,1899.93,1898.06,0.000,0.000,0.000,0.000,0.000,0.000,0.000,0.000,0.000,0.000,0.000,0.000,0.000,0.000,0.000,0.000,0.000,0.000,0.000,0.000,0.000,0.000,0.000,0.000,0.000,0.000,0.000,0.000,3.700,9.98,0.00,0.00,0.00,52,2,0.000000,0.000000,0,0
04/06/2026 23:17:10,31.10,30.40,57.96,101154.00,21.20,3.00,0.00,64.78,0.00,725.52,3296.10,1333.54,762.90,754.52,1892.93,1886.93,1900.06,1897.81,0.000,0.000,0.000,0.000,0.000,0.000,0.000,0.000,0.000,0.000,0.000,0.000,0.000,0.000,0.000,0.000,0.000,0.000,0.000,0.000,0.000,0.000,0.000,0.000,0.000,0.000,0.000,0.000,3.700,9.98,0.00,0.00,0.00,52,2,0.000000,0.000000,0,0
04/06/2026 23:17:20,31.10,30.40,57.87,101134.00,21.17,3.00,0.00,59.31,0.00,726.52,3296.10,1336.17,762.90,754.65,1893.06,1886.93,1899.93,1897.81,0.000,0.000,0.000,0.000,0.000,0.000,0.000,0.000,0.000,0.000,0.000,0.000,0.000,0.000,0.000,0.000,0.000,0.000,0.000,0.000,0.000,0.000,0.000,0.000,0.000,0.000,0.000,0.000,3.700,9.98,0.00,0.00,0.00,51,2,0.000000,0.000000,0,0
04/06/2026 23:17:30,31.10,30.40,57.81,101125.00,21.16,3.00,0.00,58.43,0.00,727.90,3296.10,1340.42,760.77,752.77,1893.06,1887.43,1899.93,1898.31,0.000,0.000,0.000,0.000,0.000,0.000,0.000,0.000,0.000,0.000,0.000,0.000,0.000,0.000,0.000,0.000,0.000,0.000,0.000,0.000,0.000,0.000,0.000,0.000,0.000,0.000,0.000,0.000,3.700,9.98,0.00,0.00,0.00,52,2,0.000000,0.000000,0,0
04/06/2026 23:17:40,31.10,30.40,57.84,101119.00,21.16,3.00,0.00,58.43,0.00,730.02,3296.23,1343.54,762.52,754.77,1892.93,1886.93,1899.81,1898.06,0.000,0.000,0.000,0.000,0.000,0.000,0.000,0.000,0.000,0.000,0.000,0.000,0.000,0.000,0.000,0.000,0.000,0.000,0.000,0.000,0.000,0.000,0.000,0.000,0.000,0.000,0.000,0.000,3.700,9.98,0.00,0.00,0.00,52,2,0.000000,0.000000,0,0
04/06/2026 23:17:50,31.10,30.40,57.78,101116.00,21.15,3.00,0.00,61.28,0.00,728.40,3296.10,1347.04,762.77,754.52,1892.93,1887.18,1899.81,1897.81,0.000,0.000,0.000,0.000,0.000,0.000,0.000,0.000,0.000,0.000,0.000,0.000,0.000,0.000,0.000,0.000,0.000,0.000,0.000,0.000,0.000,0.000,0.000,0.000,0.000,0.000,0.000,0.000,3.700,9.98,0.00,0.00,0.00,52,2,0.000000,0.000000,0,0
04/06/2026 23:18:00,31.10,30.40,57.78,101119.00,21.15,3.00,0.00,69.59,0.00,729.65,3295.98,1349.29,761.15,753.15,1892.81,1887.06,1899.56,1897.43,0.000,0.000,0.000,0.000,0.000,0.000,0.000,0.000,0.000,0.000,0.000,0.000,0.000,0.000,0.000,0.000,0.000,0.000,0.000,0.000,0.000,0.000,0.000,0.000,0.000,0.000,0.000,0.000,3.700,9.98,0.00,0.00,0.00,52,2,0.000000,0.000000,0,0
04/06/2026 23:18:10,31.10,30.40,57.78,101113.00,21.15,3.00,0.00,63.68,0.00,730.65,3230.85,1298.16,761.65,753.77,1892.68,1886.93,1899.93,1898.43,0.000,0.000,0.000,0.000,0.000,0.000,0.000,0.000,0.000,0.000,0.000,0.000,0.000,0.000,0.000,0.000,0.000,0.000,0.000,0.000,0.000,0.000,0.000,0.000,0.000,0.000,0.000,0.000,3.700,9.98,0.00,0.00,0.00,52,2,0.000000,0.000000,0,0
04/06/2026 23:18:20,31.00,30.40,57.81,101110.00,21.16,3.00,0.00,62.15,0.00,731.65,2938.84,1075.16,762.27,754.65,1893.18,1887.31,1899.81,1897.93,0.000,0.000,0.000,0.000,0.000,0.000,0.000,0.000,0.000,0.000,0.000,0.000,0.000,0.000,0.000,0.000,0.000,0.000,0.000,0.000,0.000,0.000,0.000,0.000,0.000,0.000,0.000,0.000,3.700,9.98,0.00,0.00,0.00,52,2,0.000000,0.000000,0,0
04/06/2026 23:18:30,31.10,30.40,57.87,101113.00,21.17,3.00,0.00,59.09,0.00,730.65,2681.83,910.53,761.02,753.65,1893.18,1886.81,1899.93,1897.18,0.000,0.000,0.000,0.000,0.000,0.000,0.000,0.000,0.000,0.000,0.000,0.000,0.000,0.000,0.000,0.000,0.000,0.000,0.000,0.000,0.000,0.000,0.000,0.000,0.000,0.000,0.000,0.000,3.700,9.98,0.00,0.00,0.00,52,2,0.000000,0.000000,0,0
04/06/2026 23:18:40,31.00,30.40,57.90,101131.00,21.18,3.00,0.00,64.56,0.00,731.65,2496.20,819.65,760.52,753.15,1893.31,1886.81,1900.18,1897.43,0.000,0.000,0.000,0.000,0.000,0.000,0.000,0.000,0.000,0.000,0.000,0.000,0.000,0.000,0.000,0.000,0.000,0.000,0.000,0.000,0.000,0.000,0.000,0.000,0.000,0.000,0.000,0.000,3.700,9.98,0.00,0.00,0.00,52,2,0.000000,0.000000,0,0
04/06/2026 23:18:50,31.10,30.40,57.90,101128.00,21.18,3.00,0.00,65.87,0.00,733.40,2363.82,770.15,762.15,754.52,1893.56,1887.06,1900.18,1897.68,0.000,0.000,0.000,0.000,0.000,0.000,0.000,0.000,0.000,0.000,0.000,0.000,0.000,0.000,0.000,0.000,0.000,0.000,0.000,0.000,0.000,0.000,0.000,0.000,0.000,0.000,0.000,0.000,3.700,9.98,0.00,0.00,0.00,52,2,0.000000,0.000000,0,0
04/06/2026 23:19:00,31.10,30.40,57.87,101125.00,21.17,3.00,0.00,66.53,0.00,731.65,2265.82,738.02,761.27,753.90,1893.06,1886.93,1900.43,1897.56,0.000,0.000,0.000,0.000,0.000,0.000,0.000,0.000,0.000,0.000,0.000,0.000,0.000,0.000,0.000,0.000,0.000,0.000,0.000,0.000,0.000,0.000,0.000,0.000,0.000,0.000,0.000,0.000,3.700,9.98,0.00,0.00,0.00,52,2,0.000000,0.000000,0,0
04/06/2026 23:19:10,31.00,30.40,57.81,101119.00,21.16,3.00,0.00,69.59,0.00,730.65,2193.82,718.65,760.65,753.02,1892.93,1887.06,1899.93,1897.43,0.000,0.000,0.000,0.000,0.000,0.000,0.000,0.000,0.000,0.000,0.000,0.000,0.000,0.000,0.000,0.000,0.000,0.000,0.000,0.000,0.000,0.000,0.000,0.000,0.000,0.000,0.000,0.000,3.700,9.98,0.00,0.00,0.00,52,2,0.000000,0.000000,0,0
04/06/2026 23:19:20,31.00,30.39,57.78,101119.00,21.14,3.00,0.00,58.43,0.00,730.77,2138.94,706.02,762.40,754.65,1892.81,1886.31,1899.93,1897.31,0.000,0.000,0.000,0.000,0.000,0.000,0.000,0.000,0.000,0.000,0.000,0.000,0.000,0.000,0.000,0.000,0.000,0.000,0.000,0.000,0.000,0.000,0.000,0.000,0.000,0.000,0.000,0.000,3.700,9.98,0.00,0.00,0.00,52,2,0.000000,0.000000,0,0
04/06/2026 23:19:30,31.00,30.39,57.81,101104.00,21.15,3.00,0.00,70.69,0.00,729.15,2096.81,697.02,761.02,753.90,1893.18,1886.93,1900.06,1897.68,0.000,0.000,0.000,0.000,0.000,0.000,0.000,0.000,0.000,0.000,0.000,0.000,0.000,0.000,0.000,0.000,0.000,0.000,0.000,0.000,0.000,0.000,0.000,0.000,0.000,0.000,0.000,0.000,3.700,9.98,0.00,0.00,0.00,52,2,0.000000,0.000000,0,0
04/06/2026 23:19:40,31.00,30.39,57.90,101104.00,21.17,3.00,0.00,62.15,0.00,727.52,2063.81,688.52,759.27,752.02,1893.06,1886.68,1900.31,1897.81,0.000,0.000,0.000,0.000,0.000,0.000,0.000,0.000,0.000,0.000,0.000,0.000,0.000,0.000,0.000,0.000,0.000,0.000,0.000,0.000,0.000,0.000,0.000,0.000,0.000,0.000,0.000,0.000,3.700,9.98,0.00,0.00,0.00,52,2,0.000000,0.000000,0,0
04/06/2026 23:19:50,31.00,30.39,57.90,101119.00,21.17,3.00,0.00,58.43,0.00,726.52,2037.69,682.65,761.77,754.52,1893.06,1886.68,1900.31,1897.93,0.000,0.000,0.000,0.000,0.000,0.000,0.000,0.000,0.000,0.000,0.000,0.000,0.000,0.000,0.000,0.000,0.000,0.000,0.000,0.000,0.000,0.000,0.000,0.000,0.000,0.000,0.000,0.000,3.700,9.98,0.00,0.00,0.00,52,2,0.000000,0.000000,0,0
04/06/2026 23:20:00,31.00,30.39,57.95,101116.00,21.19,3.00,0.00,70.47,0.00,728.02,2016.06,679.27,760.90,753.52,1893.06,1886.81,1900.06,1897.68,0.000,0.000,0.000,0.000,0.000,0.000,0.000,0.000,0.000,0.000,0.000,0.000,0.000,0.000,0.000,0.000,0.000,0.000,0.000,0.000,0.000,0.000,0.000,0.000,0.000,0.000,0.000,0.000,3.700,9.98,0.00,0.00,0.00,52,2,0.000000,0.000000,0,0
04/06/2026 23:20:10,31.00,30.39,57.98,101107.00,21.19,3.00,0.00,63.47,0.00,727.02,1997.19,674.15,759.15,752.02,1893.06,1887.06,1900.18,1897.56,0.000,0.000,0.000,0.000,0.000,0.000,0.000,0.000,0.000,0.000,0.000,0.000,0.000,0.000,0.000,0.000,0.000,0.000,0.000,0.000,0.000,0.000,0.000,0.000,0.000,0.000,0.000,0.000,3.700,9.98,0.00,0.00,0.00,52,2,0.000000,0.000000,0,0
04/06/2026 23:20:20,31.00,30.39,58.01,101104.00,21.20,3.00,0.00,58.43,0.00,726.52,1981.19,671.27,761.90,754.90,1893.18,1886.93,1900.31,1897.56,0.000,0.000,0.000,0.000,0.000,0.000,0.000,0.000,0.000,0.000,0.000,0.000,0.000,0.000,0.000,0.000,0.000,0.000,0.000,0.000,0.000,0.000,0.000,0.000,0.000,0.000,0.000,0.000,3.700,9.98,0.00,0.00,0.00,52,2,0.000000,0.000000,0,0
04/06/2026 23:20:30,31.00,30.39,58.04,101116.00,21.21,3.00,0.00,66.53,0.00,727.52,1966.81,670.65,752.52,745.27,1893.18,1886.93,1900.43,1897.93,0.000,0.000,0.000,0.000,0.000,0.000,0.000,0.000,0.000,0.000,0.000,0.000,0.000,0.000,0.000,0.000,0.000,0.000,0.000,0.000,0.000,0.000,0.000,0.000,0.000,0.000,0.000,0.000,3.700,9.98,0.00,0.00,0.00,52,2,0.000000,0.000000,0,0
04/06/2026 23:20:40,31.00,30.39,58.04,101119.00,21.21,3.00,0.00,70.69,0.00,726.40,1954.18,667.15,764.40,757.15,1893.31,1887.56,1900.31,1897.93,0.000,0.000,0.000,0.000,0.000,0.000,0.000,0.000,0.000,0.000,0.000,0.000,0.000,0.000,0.000,0.000,0.000,0.000,0.000,0.000,0.000,0.000,0.000,0.000,0.000,0.000,0.000,0.000,3.700,9.98,0.00,0.00,0.00,52,2,0.000000,0.000000,0,0
04/06/2026 23:20:50,31.00,30.39,58.07,101119.00,21.22,3.00,0.00,63.68,0.00,729.27,1943.68,662.65,764.52,757.52,1893.06,1887.31,1900.31,1897.68,0.000,0.000,0.000,0.000,0.000,0.000,0.000,0.000,0.000,0.000,0.000,0.000,0.000,0.000,0.000,0.000,0.000,0.000,0.000,0.000,0.000,0.000,0.000,0.000,0.000,0.000,0.000,0.000,3.700,9.98,0.00,0.00,0.00,52,2,0.000000,0.000000,0,0
04/06/2026 23:21:00,31.00,30.39,58.13,101110.00,21.24,3.00,0.00,58.65,0.00,729.02,1932.81,659.65,761.02,753.90,1893.31,1887.56,1899.93,1897.18,0.000,0.000,0.000,0.000,0.000,0.000,0.000,0.000,0.000,0.000,0.000,0.000,0.000,0.000,0.000,0.000,0.000,0.000,0.000,0.000,0.000,0.000,0.000,0.000,0.000,0.000,0.000,0.000,3.700,9.98,0.00,0.00,0.00,52,2,0.000000,0.000000,0,0
04/06/2026 23:21:10,31.00,30.39,58.10,101107.00,21.23,3.00,0.00,58.43,0.00,727.52,1923.68,658.02,759.90,751.77,1893.06,1886.93,1900.06,1897.31,0.000,0.000,0.000,0.000,0.000,0.000,0.000,0.000,0.000,0.000,0.000,0.000,0.000,0.000,0.000,0.000,0.000,0.000,0.000,0.000,0.000,0.000,0.000,0.000,0.000,0.000,0.000,0.000,3.700,9.98,0.00,0.00,0.00,52,2,0.000000,0.000000,0,0
04/06/2026 23:21:20,31.00,30.39,58.19,101107.00,21.25,3.00,0.00,59.53,0.00,730.77,1914.18,656.40,761.27,753.40,1893.56,1887.43,1900.43,1897.56,0.000,0.000,0.000,0.000,0.000,0.000,0.000,0.000,0.000,0.000,0.000,0.000,0.000,0.000,0.000,0.000,0.000,0.000,0.000,0.000,0.000,0.000,0.000,0.000,0.000,0.000,0.000,0.000,3.700,9.98,0.00,0.00,0.00,52,2,0.000000,0.000000,0,0
04/06/2026 23:21:30,31.00,30.39,58.31,101113.00,21.29,3.00,0.00,69.59,0.00,726.40,1905.06,655.14,760.77,753.65,1893.31,1887.18,1900.31,1898.06,0.000,0.000,0.000,0.000,0.000,0.000,0.000,0.000,0.000,0.000,0.000,0.000,0.000,0.000,0.000,0.000,0.000,0.000,0.000,0.000,0.000,0.000,0.000,0.000,0.000,0.000,0.000,0.000,3.700,9.98,0.00,0.00,0.00,52,2,0.000000,0.000000,0,0
04/06/2026 23:21:40,31.00,30.39,58.34,101113.00,21.30,3.00,0.00,70.69,0.00,729.02,1897.18,654.77,759.52,752.40,1893.06,1886.68,1899.93,1898.06,0.000,0.000,0.000,0.000,0.000,0.000,0.000,0.000,0.000,0.000,0.000,0.000,0.000,0.000,0.000,0.000,0.000,0.000,0.000,0.000,0.000,0.000,0.000,0.000,0.000,0.000,0.000,0.000,3.700,9.98,0.00,0.00,0.00,52,2,0.000000,0.000000,0,0
04/06/2026 23:21:50,31.00,30.39,58.25,101116.00,21.27,3.00,0.00,69.81,0.00,731.02,1888.93,651.52,761.90,754.02,1893.06,1886.93,1900.06,1898.06,0.000,0.000,0.000,0.000,0.000,0.000,0.000,0.000,0.000,0.000,0.000,0.000,0.000,0.000,0.000,0.000,0.000,0.000,0.000,0.000,0.000,0.000,0.000,0.000,0.000,0.000,0.000,0.000,3.700,9.98,0.00,0.00,0.00,52,2,0.000000,0.000000,0,0
04/06/2026 23:22:00,31.00,30.39,58.34,101110.00,21.30,3.00,0.00,61.28,0.00,729.52,1880.81,649.27,761.02,753.90,1893.06,1886.81,1900.43,1897.68,0.000,0.000,0.000,0.000,0.000,0.000,0.000,0.000,0.000,0.000,0.000,0.000,0.000,0.000,0.000,0.000,0.000,0.000,0.000,0.000,0.000,0.000,0.000,0.000,0.000,0.000,0.000,0.000,3.700,9.98,0.00,0.00,0.00,52,2,0.000000,0.000000,0,0
04/06/2026 23:22:10,31.00,30.39,58.31,101110.00,21.29,3.00,0.00,59.96,0.00,731.15,1873.06,647.64,759.52,752.02,1893.18,1886.68,1900.06,1897.56,0.000,0.000,0.000,0.000,0.000,0.000,0.000,0.000,0.000,0.000,0.000,0.000,0.000,0.000,0.000,0.000,0.000,0.000,0.000,0.000,0.000,0.000,0.000,0.000,0.000,0.000,0.000,0.000,3.700,9.98,0.00,0.00,0.00,52,2,0.000000,0.000000,0,0
04/06/2026 23:22:20,31.00,30.39,58.19,101116.00,21.25,3.00,0.00,59.96,0.00,731.40,1865.18,645.14,761.52,753.77,1893.18,1886.18,1900.31,1897.56,0.000,0.000,0.000,0.000,0.000,0.000,0.000,0.000,0.000,0.000,0.000,0.000,0.000,0.000,0.000,0.000,0.000,0.000,0.000,0.000,0.000,0.000,0.000,0.000,0.000,0.000,0.000,0.000,3.700,9.98,0.00,0.00,0.00,52,2,0.000000,0.000000,0,0
04/06/2026 23:22:30,31.00,30.39,58.10,101113.00,21.23,3.00,0.00,58.43,0.00,733.27,1857.18,644.02,762.15,754.15,1892.68,1885.68,1900.06,1897.31,0.000,0.000,0.000,0.000,0.000,0.000,0.000,0.000,0.000,0.000,0.000,0.000,0.000,0.000,0.000,0.000,0.000,0.000,0.000,0.000,0.000,0.000,0.000,0.000,0.000,0.000,0.000,0.000,3.700,9.98,0.00,0.00,0.00,52,2,0.000000,0.000000,0,0
04/06/2026 23:22:40,31.00,30.39,58.04,101096.00,21.21,3.00,0.00,69.37,0.00,731.52,1849.43,641.64,760.27,752.15,1892.93,1886.93,1899.93,1897.06,0.000,0.000,0.000,0.000,0.000,0.000,0.000,0.000,0.000,0.000,0.000,0.000,0.000,0.000,0.000,0.000,0.000,0.000,0.000,0.000,0.000,0.000,0.000,0.000,0.000,0.000,0.000,0.000,3.700,9.98,0.00,0.00,0.00,52,2,0.000000,0.000000,0,0
04/06/2026 23:22:50,31.00,30.39,57.93,101104.00,21.18,3.00,0.00,65.87,0.00,732.52,1843.18,642.27,761.02,753.27,1892.31,1886.81,1899.93,1897.56,0.000,0.000,0.000,0.000,0.000,0.000,0.000,0.000,0.000,0.000,0.000,0.000,0.000,0.000,0.000,0.000,0.000,0.000,0.000,0.000,0.000,0.000,0.000,0.000,0.000,0.000,0.000,0.000,3.700,9.98,0.00,0.00,0.00,52,2,0.000000,0.000000,0,0
04/06/2026 23:23:00,31.00,30.39,57.93,101107.00,21.18,3.00,0.00,66.31,0.00,732.77,1836.31,642.14,761.27,753.52,1892.31,1886.56,1899.93,1897.93,0.000,0.000,0.000,0.000,0.000,0.000,0.000,0.000,0.000,0.000,0.000,0.000,0.000,0.000,0.000,0.000,0.000,0.000,0.000,0.000,0.000,0.000,0.000,0.000,0.000,0.000,0.000,0.000,3.700,9.98,0.00,0.00,0.00,52,2,0.000000,0.000000,0,0
04/06/2026 23:23:10,31.00,30.39,57.95,101116.00,21.19,3.00,0.00,64.78,0.00,731.52,1830.06,641.39,759.77,752.52,1893.06,1887.31,1900.06,1897.56,0.000,0.000,0.000,0.000,0.000,0.000,0.000,0.000,0.000,0.000,0.000,0.000,0.000,0.000,0.000,0.000,0.000,0.000,0.000,0.000,0.000,0.000,0.000,0.000,0.000,0.000,0.000,0.000,3.700,9.98,0.00,0.00,0.00,52,2,0.000000,0.000000,0,0
04/06/2026 23:23:20,31.00,30.39,58.04,101107.00,21.21,3.00,0.00,59.09,0.00,731.15,1822.93,641.39,759.40,751.90,1894.56,1887.31,1900.18,1897.81,0.000,0.000,0.000,0.000,0.000,0.000,0.000,0.000,0.000,0.000,0.000,0.000,0.000,0.000,0.000,0.000,0.000,0.000,0.000,0.000,0.000,0.000,0.000,0.000,0.000,0.000,0.000,0.000,3.700,9.98,0.00,0.00,0.00,52,2,0.000000,0.000000,0,0
04/06/2026 23:23:30,31.00,30.39,58.07,101113.00,21.22,3.00,0.00,59.09,0.00,732.27,1815.93,640.14,760.90,753.65,1893.31,1886.93,1899.93,1897.93,0.000,0.000,0.000,0.000,0.000,0.000,0.000,0.000,0.000,0.000,0.000,0.000,0.000,0.000,0.000,0.000,0.000,0.000,0.000,0.000,0.000,0.000,0.000,0.000,0.000,0.000,0.000,0.000,3.700,9.98,0.00,0.00,0.00,52,2,0.000000,0.000000,0,0
04/06/2026 23:23:40,31.00,30.39,58.10,101110.00,21.23,3.00,0.00,63.03,0.00,727.90,1809.68,639.14,759.27,752.27,1892.81,1886.56,1900.06,1897.68,0.000,0.000,0.000,0.000,0.000,0.000,0.000,0.000,0.000,0.000,0.000,0.000,0.000,0.000,0.000,0.000,0.000,0.000,0.000,0.000,0.000,0.000,0.000,0.000,0.000,0.000,0.000,0.000,3.700,9.98,0.00,0.00,0.00,52,2,0.000000,0.000000,0,0
04/06/2026 23:23:50,31.00,30.39,58.16,101110.00,21.25,3.00,0.00,64.78,0.00,728.40,1803.43,637.14,759.40,752.02,1892.81,1886.31,1900.06,1897.93,0.000,0.000,0.000,0.000,0.000,0.000,0.000,0.000,0.000,0.000,0.000,0.000,0.000,0.000,0.000,0.000,0.000,0.000,0.000,0.000,0.000,0.000,0.000,0.000,0.000,0.000,0.000,0.000,3.700,9.98,0.00,0.00,0.00,52,2,0.000000,0.000000,0,0
04/06/2026 23:24:00,31.00,30.39,58.16,101119.00,21.25,3.00,0.00,70.03,0.00,730.65,1797.30,636.14,761.40,754.02,1892.81,1886.18,1900.18,1897.93,0.000,0.000,0.000,0.000,0.000,0.000,0.000,0.000,0.000,0.000,0.000,0.000,0.000,0.000,0.000,0.000,0.000,0.000,0.000,0.000,0.000,0.000,0.000,0.000,0.000,0.000,0.000,0.000,3.700,9.98,0.00,0.00,0.00,52,2,0.000000,0.000000,0,0
04/06/2026 23:24:10,31.00,30.39,58.13,101110.00,21.24,3.00,0.00,68.28,0.00,727.02,1790.30,637.89,760.27,753.02,1892.56,1886.18,1899.93,1897.56,0.000,0.000,0.000,0.000,0.000,0.000,0.000,0.000,0.000,0.000,0.000,0.000,0.000,0.000,0.000,0.000,0.000,0.000,0.000,0.000,0.000,0.000,0.000,0.000,0.000,0.000,0.000,0.000,3.700,9.98,0.00,0.00,0.00,52,2,0.000000,0.000000,0,0
04/06/2026 23:24:20,31.00,30.39,58.13,101116.00,21.24,3.00,0.00,67.40,0.00,729.90,1783.43,636.39,758.90,751.40,1892.56,1886.31,1900.31,1897.93,0.000,0.000,0.000,0.000,0.000,0.000,0.000,0.000,0.000,0.000,0.000,0.000,0.000,0.000,0.000,0.000,0.000,0.000,0.000,0.000,0.000,0.000,0.000,0.000,0.000,0.000,0.000,0.000,3.700,9.98,0.00,0.00,0.00,52,2,0.000000,0.000000,0,0
04/06/2026 23:24:30,31.00,30.39,58.13,101110.00,21.24,3.00,0.00,63.03,0.00,730.65,1777.55,636.39,761.15,753.27,1892.56,1886.68,1899.68,1897.81,0.000,0.000,0.000,0.000,0.000,0.000,0.000,0.000,0.000,0.000,0.000,0.000,0.000,0.000,0.000,0.000,0.000,0.000,0.000,0.000,0.000,0.000,0.000,0.000,0.000,0.000,0.000,0.000,3.700,9.98,0.00,0.00,0.00,52,2,0.000000,0.000000,0,0
04/06/2026 23:24:40,31.00,30.39,58.16,101116.00,21.25,3.00,0.00,63.68,0.00,730.02,1771.18,633.14,760.02,752.40,1892.81,1886.93,1900.06,1897.18,0.000,0.000,0.000,0.000,0.000,0.000,0.000,0.000,0.000,0.000,0.000,0.000,0.000,0.000,0.000,0.000,0.000,0.000,0.000,0.000,0.000,0.000,0.000,0.000,0.000,0.000,0.000,0.000,3.700,9.98,0.00,0.00,0.00,52,2,0.000000,0.000000,0,0
04/06/2026 23:24:50,30.90,30.39,58.16,101104.00,21.25,3.00,0.00,67.19,0.00,729.40,1764.30,631.39,758.40,751.02,1892.43,1887.31,1900.06,1897.56,0.000,0.000,0.000,0.000,0.000,0.000,0.000,0.000,0.000,0.000,0.000,0.000,0.000,0.000,0.000,0.000,0.000,0.000,0.000,0.000,0.000,0.000,0.000,0.000,0.000,0.000,0.000,0.000,3.700,9.98,0.00,0.00,0.00,52,2,0.000000,0.000000,0,0
04/06/2026 23:25:00,31.00,30.39,58.16,101107.00,21.25,3.00,0.00,68.50,0.00,728.65,1759.30,633.77,760.90,753.77,1892.56,1886.93,1900.06,1897.56,0.000,0.000,0.000,0.000,0.000,0.000,0.000,0.000,0.000,0.000,0.000,0.000,0.000,0.000,0.000,0.000,0.000,0.000,0.000,0.000,0.000,0.000,0.000,0.000,0.000,0.000,0.000,0.000,3.700,9.98,0.00,0.00,0.00,52,2,0.000000,0.000000,0,0
04/06/2026 23:25:10,31.00,30.36,58.22,101110.00,21.23,3.00,0.00,66.31,0.00,732.40,1753.30,632.77,759.90,752.77,1892.56,1886.43,1900.06,1897.43,0.000,0.000,0.000,0.000,0.000,0.000,0.000,0.000,0.000,0.000,0.000,0.000,0.000,0.000,0.000,0.000,0.000,0.000,0.000,0.000,0.000,0.000,0.000,0.000,0.000,0.000,0.000,0.000,3.700,9.98,0.00,0.00,0.00,52,2,0.000000,0.000000,0,0
04/06/2026 23:25:20,30.90,30.35,58.25,101087.00,21.23,3.00,0.00,60.62,0.00,731.65,1746.68,630.89,756.90,749.65,1892.43,1886.56,1900.18,1897.31,0.000,0.000,0.000,0.000,0.000,0.000,0.000,0.000,0.000,0.000,0.000,0.000,0.000,0.000,0.000,0.000,0.000,0.000,0.000,0.000,0.000,0.000,0.000,0.000,0.000,0.000,0.000,0.000,3.700,9.98,0.00,0.00,0.00,52,2,0.000000,0.000000,0,0
04/06/2026 23:25:30,30.90,30.39,58.31,101090.00,21.29,3.00,0.00,62.15,0.00,731.27,1741.18,632.14,754.15,746.65,1892.81,1887.31,1900.18,1897.56,0.000,0.000,0.000,0.000,0.000,0.000,0.000,0.000,0.000,0.000,0.000,0.000,0.000,0.000,0.000,0.000,0.000,0.000,0.000,0.000,0.000,0.000,0.000,0.000,0.000,0.000,0.000,0.000,3.700,9.98,0.00,0.00,0.00,52,2,0.000000,0.000000,0,0
04/06/2026 23:25:40,30.90,30.37,58.34,101107.00,21.28,3.00,0.00,70.91,0.00,734.40,1735.93,632.39,764.40,757.15,1892.43,1886.68,1900.18,1897.56,0.000,0.000,0.000,0.000,0.000,0.000,0.000,0.000,0.000,0.000,0.000,0.000,0.000,0.000,0.000,0.000,0.000,0.000,0.000,0.000,0.000,0.000,0.000,0.000,0.000,0.000,0.000,0.000,3.700,9.98,0.00,0.00,0.00,52,2,0.000000,0.000000,0,0
04/06/2026 23:25:50,30.90,30.39,58.36,101101.00,21.30,3.00,0.00,66.97,0.00,732.15,1731.30,632.39,760.90,753.90,1892.81,1887.06,1900.18,1898.31,0.027,0.000,0.000,0.000,0.000,0.000,0.000,0.000,0.000,0.000,0.000,0.000,0.000,0.000,0.000,0.000,0.000,0.000,0.000,0.000,0.000,0.000,0.000,0.000,0.000,0.000,0.000,0.000,3.700,9.98,0.00,0.00,0.00,52,2,0.000000,0.000000,0,0
04/06/2026 23:26:00,30.90,30.37,58.42,101096.00,21.30,3.00,0.00,58.65,0.00,731.27,1725.80,631.64,761.02,753.65,1893.06,1887.06,1900.18,1897.93,0.000,0.000,0.000,0.000,0.000,0.000,0.000,0.000,0.000,0.000,0.000,0.000,0.000,0.000,0.000,0.000,0.000,0.000,0.000,0.000,0.000,0.000,0.000,0.000,0.000,0.000,0.000,0.000,3.700,9.98,0.00,0.00,0.00,52,2,0.000000,0.000000,0,0
04/06/2026 23:26:10,30.90,30.37,58.42,101104.00,21.30,3.00,0.00,59.09,0.00,733.77,1720.43,629.64,759.90,752.52,1892.68,1887.06,1900.18,1897.93,0.000,0.000,0.000,0.000,0.000,0.000,0.000,0.000,0.000,0.000,0.000,0.000,0.000,0.000,0.000,0.000,0.000,0.000,0.000,0.000,0.000,0.000,0.000,0.000,0.000,0.000,0.000,0.000,3.700,9.98,0.00,0.00,0.00,52,2,0.000000,0.000000,0,0
04/06/2026 23:26:20,30.90,30.37,58.42,101101.00,21.30,3.00,0.00,64.34,0.00,734.65,1715.43,629.89,758.27,750.65,1892.68,1887.06,1899.93,1897.68,0.000,0.000,0.000,0.000,0.000,0.000,0.000,0.000,0.000,0.000,0.000,0.000,0.000,0.000,0.000,0.000,0.000,0.000,0.000,0.000,0.000,0.000,0.000,0.000,0.000,0.000,0.000,0.000,3.700,9.98,0.00,0.00,0.00,52,2,0.000000,0.000000,0,0
04/06/2026 23:26:30,30.90,30.39,58.36,101101.00,21.30,3.00,0.00,69.81,0.00,736.40,1711.18,630.27,756.77,748.77,1892.31,1886.31,1899.93,1897.31,0.000,0.000,0.000,0.000,0.000,0.000,0.000,0.000,0.000,0.000,0.000,0.000,0.000,0.000,0.000,0.000,0.000,0.000,0.000,0.000,0.000,0.000,0.000,0.000,0.000,0.000,0.000,0.000,3.700,9.98,0.00,0.00,0.00,52,2,0.000000,0.000000,0,0
04/06/2026 23:26:40,30.90,30.39,58.36,101107.00,21.30,3.00,0.00,61.93,0.00,736.65,1705.80,628.89,759.52,750.90,1892.43,1886.68,1899.93,1897.56,0.000,0.000,0.000,0.000,0.000,0.000,0.000,0.000,0.000,0.000,0.000,0.000,0.000,0.000,0.000,0.000,0.000,0.000,0.000,0.000,0.000,0.000,0.000,0.000,0.000,0.000,0.000,0.000,3.700,9.98,0.00,0.00,0.00,52,2,0.000000,0.000000,0,0
04/06/2026 23:26:50,30.90,30.36,58.36,101096.00,21.27,3.00,0.00,70.03,0.00,734.40,1700.43,627.89,763.02,755.77,1892.81,1886.93,1900.06,1897.93,0.000,0.000,0.000,0.000,0.000,0.000,0.000,0.000,0.000,0.000,0.000,0.000,0.000,0.000,0.000,0.000,0.000,0.000,0.000,0.000,0.000,0.000,0.000,0.000,0.000,0.000,0.000,0.000,3.700,9.98,0.00,0.00,0.00,52,2,0.000000,0.000000,0,0
04/06/2026 23:27:00,30.90,30.37,58.36,101121.00,21.28,3.00,0.00,69.59,0.00,734.40,1696.43,629.89,761.02,753.52,1892.56,1886.56,1900.31,1898.06,0.000,0.000,0.000,0.000,0.000,0.000,0.000,0.000,0.000,0.000,0.000,0.000,0.000,0.000,0.000,0.000,0.000,0.000,0.000,0.000,0.000,0.000,0.000,0.000,0.000,0.000,0.000,0.000,3.700,9.98,0.00,0.00,0.00,52,2,0.000000,0.000000,0,0
04/06/2026 23:27:10,30.90,30.35,58.34,101115.00,21.26,3.00,0.00,63.25,0.00,733.77,1691.93,627.64,760.27,752.90,1892.81,1886.68,1900.06,1897.93,0.000,0.000,0.000,0.000,0.000,0.000,0.000,0.000,0.000,0.000,0.000,0.000,0.000,0.000,0.000,0.000,0.000,0.000,0.000,0.000,0.000,0.000,0.000,0.000,0.000,0.000,0.000,0.000,3.700,9.98,0.00,0.00,0.00,52,2,0.000000,0.000000,0,0
04/06/2026 23:27:20,30.90,30.34,58.34,101093.00,21.25,3.00,0.00,63.25,0.00,733.02,1687.68,628.89,758.52,750.52,1892.56,1886.68,1900.06,1897.56,0.000,0.000,0.000,0.000,0.000,0.000,0.000,0.000,0.000,0.000,0.000,0.000,0.000,0.000,0.000,0.000,0.000,0.000,0.000,0.000,0.000,0.000,0.000,0.000,0.000,0.000,0.000,0.000,3.700,9.98,0.00,0.00,0.00,52,2,0.000000,0.000000,0,0
04/06/2026 23:27:30,30.90,30.34,58.31,101093.00,21.24,3.00,0.00,65.00,0.00,732.77,1682.30,627.77,760.27,753.02,1892.56,1886.56,1900.18,1897.93,0.000,0.000,0.000,0.000,0.000,0.000,0.000,0.000,0.000,0.000,0.000,0.000,0.000,0.000,0.000,0.000,0.000,0.000,0.000,0.000,0.000,0.000,0.000,0.000,0.000,0.000,0.000,0.000,3.700,9.98,0.00,0.00,0.00,52,2,0.000000,0.000000,0,0
04/06/2026 23:27:40,30.90,30.35,58.19,101106.00,21.21,3.00,0.00,59.53,0.00,733.52,1676.55,626.64,759.90,752.27,1892.31,1886.68,1900.06,1897.56,0.000,0.000,0.000,0.000,0.000,0.000,0.000,0.000,0.000,0.000,0.000,0.000,0.000,0.000,0.000,0.000,0.000,0.000,0.000,0.000,0.000,0.000,0.000,0.000,0.000,0.000,0.000,0.000,3.700,9.98,0.00,0.00,0.00,52,2,0.000000,0.000000,0,0
04/06/2026 23:27:50,30.90,30.35,58.22,101104.00,21.22,3.00,0.00,59.09,0.00,729.77,1671.55,627.64,758.77,751.15,1892.43,1886.81,1899.81,1897.18,0.000,0.000,0.000,0.000,0.000,0.000,0.000,0.000,0.000,0.000,0.000,0.000,0.000,0.000,0.000,0.000,0.000,0.000,0.000,0.000,0.000,0.000,0.000,0.000,0.000,0.000,0.000,0.000,3.700,9.98,0.00,0.00,0.00,52,2,0.000000,0.000000,0,0
04/06/2026 23:28:00,30.90,30.35,58.34,101112.00,21.26,3.00,0.00,61.50,0.00,731.15,1667.18,627.14,759.27,752.27,1892.56,1886.93,1900.18,1897.43,0.000,0.000,0.000,0.000,0.000,0.000,0.000,0.000,0.000,0.000,0.000,0.000,0.000,0.000,0.000,0.000,0.000,0.000,0.000,0.000,0.000,0.000,0.000,0.000,0.000,0.000,0.000,0.000,3.700,9.98,0.00,0.00,0.00,52,2,0.000000,0.000000,0,0
04/06/2026 23:28:10,30.90,30.35,58.39,101096.00,21.27,3.00,0.00,69.16,0.00,729.77,1662.68,626.14,759.65,752.40,1892.68,1886.81,1900.43,1898.68,0.000,0.000,0.000,0.000,0.000,0.000,0.000,0.000,0.000,0.000,0.000,0.000,0.000,0.000,0.000,0.000,0.000,0.000,0.000,0.000,0.000,0.000,0.000,0.000,0.000,0.000,0.000,0.000,3.700,9.98,0.00,0.00,0.00,52,2,0.000000,0.000000,0,0
04/06/2026 23:28:20,30.90,30.35,58.36,101103.00,21.26,3.00,0.00,63.90,0.00,731.02,1657.80,627.02,758.90,751.15,1892.81,1886.43,1899.93,1897.81,0.000,0.000,0.000,0.000,0.000,0.000,0.000,0.000,0.000,0.000,0.000,0.000,0.000,0.000,0.000,0.000,0.000,0.000,0.000,0.000,0.000,0.000,0.000,0.000,0.000,0.000,0.000,0.000,3.700,9.98,0.00,0.00,0.00,52,2,0.000000,0.000000,0,0
04/06/2026 23:28:30,30.90,30.35,58.42,101100.00,21.28,3.00,0.00,58.65,0.00,730.02,1653.80,629.27,758.27,750.90,1892.93,1886.93,1899.93,1897.43,0.000,0.000,0.000,0.000,0.000,0.000,0.000,0.000,0.000,0.000,0.000,0.000,0.000,0.000,0.000,0.000,0.000,0.000,0.000,0.000,0.000,0.000,0.000,0.000,0.000,0.000,0.000,0.000,3.700,9.98,0.00,0.00,0.00,52,2,0.000000,0.000000,0,0
04/06/2026 23:28:40,30.90,30.35,58.39,101103.00,21.27,3.00,0.00,60.62,0.00,730.40,1649.43,628.39,760.02,752.65,1892.81,1887.18,1900.18,1897.56,0.000,0.000,0.000,0.000,0.000,0.000,0.000,0.000,0.000,0.000,0.000,0.000,0.000,0.000,0.000,0.000,0.000,0.000,0.000,0.000,0.000,0.000,0.000,0.000,0.000,0.000,0.000,0.000,3.700,9.98,0.00,0.00,0.00,52,2,0.000000,0.000000,0,0
04/06/2026 23:28:50,30.90,30.33,58.42,101109.00,21.26,3.00,0.00,70.91,0.00,730.27,1644.43,626.89,759.90,752.27,1892.68,1887.31,1900.18,1897.43,0.000,0.000,0.000,0.000,0.000,0.000,0.000,0.000,0.000,0.000,0.000,0.000,0.000,0.000,0.000,0.000,0.000,0.000,0.000,0.000,0.000,0.000,0.000,0.000,0.000,0.000,0.000,0.000,3.700,9.98,0.00,0.00,0.00,52,2,0.000000,0.000000,0,0
04/06/2026 23:29:00,30.90,30.33,58.39,101109.00,21.25,3.00,0.00,66.31,0.00,731.15,1640.43,626.52,758.02,750.40,1892.43,1886.81,1900.06,1897.56,0.000,0.000,0.000,0.000,0.000,0.000,0.000,0.000,0.000,0.000,0.000,0.000,0.000,0.000,0.000,0.000,0.000,0.000,0.000,0.000,0.000,0.000,0.000,0.000,0.000,0.000,0.000,0.000,3.700,9.98,0.00,0.00,0.00,52,2,0.000000,0.000000,0,0
04/06/2026 23:29:10,30.90,30.33,58.39,101103.00,21.25,3.00,0.00,62.81,0.00,730.90,1636.30,627.02,760.27,752.65,1892.18,1886.68,1899.93,1897.43,0.000,0.000,0.000,0.000,0.000,0.000,0.000,0.000,0.000,0.000,0.000,0.000,0.000,0.000,0.000,0.000,0.000,0.000,0.000,0.000,0.000,0.000,0.000,0.000,0.000,0.000,0.000,0.000,3.700,9.98,0.00,0.00,0.00,52,2,0.000000,0.000000,0,0
04/06/2026 23:29:20,30.90,30.33,58.42,101112.00,21.26,3.00,0.00,63.03,0.00,730.77,1631.92,627.02,759.27,751.52,1892.43,1886.43,1899.81,1896.93,0.000,0.000,0.000,0.000,0.000,0.000,0.000,0.000,0.000,0.000,0.000,0.000,0.000,0.000,0.000,0.000,0.000,0.000,0.000,0.000,0.000,0.000,0.000,0.000,0.000,0.000,0.000,0.000,3.700,9.98,0.00,0.00,0.00,52,2,0.000000,0.000000,0,0
04/06/2026 23:29:30,30.90,30.33,58.34,101112.00,21.24,3.00,0.00,62.37,0.00,731.15,1626.92,626.39,757.65,749.40,1892.43,1887.06,1900.18,1897.56,0.000,0.000,0.000,0.000,0.000,0.000,0.000,0.000,0.000,0.000,0.000,0.000,0.000,0.000,0.000,0.000,0.000,0.000,0.000,0.000,0.000,0.000,0.000,0.000,0.000,0.000,0.000,0.000,3.700,9.98,0.00,0.00,0.00,52,2,0.000000,0.000000,0,0
04/06/2026 23:29:40,30.90,30.33,58.34,101103.00,21.24,3.00,0.00,68.06,0.00,731.65,1622.30,626.64,760.27,752.90,1892.56,1886.93,1900.31,1897.81,0.000,0.000,0.000,0.000,0.000,0.000,0.000,0.000,0.000,0.000,0.000,0.000,0.000,0.000,0.000,0.000,0.000,0.000,0.000,0.000,0.000,0.000,0.000,0.000,0.000,0.000,0.000,0.000,3.700,9.98,0.00,0.00,0.00,52,2,0.000000,0.000000,0,0
04/06/2026 23:29:50,30.90,30.34,58.36,101109.00,21.25,3.00,0.00,65.00,0.00,732.15,1617.42,625.64,759.02,751.77,1892.81,1886.68,1900.43,1897.81,0.000,0.000,0.000,0.000,0.000,0.000,0.000,0.000,0.000,0.000,0.000,0.000,0.000,0.000,0.000,0.000,0.000,0.000,0.000,0.000,0.000,0.000,0.000,0.000,0.000,0.000,0.000,0.000,3.700,9.98,0.00,0.00,0.00,52,2,0.000000,0.000000,0,0
04/06/2026 23:30:00,30.90,30.33,58.36,101109.00,21.24,3.00,0.00,58.87,0.00,731.65,1613.92,626.14,757.40,750.15,1892.56,1886.68,1900.43,1898.18,0.000,0.000,0.000,0.000,0.000,0.000,0.000,0.000,0.000,0.000,0.000,0.000,0.000,0.000,0.000,0.000,0.000,0.000,0.000,0.000,0.000,0.000,0.000,0.000,0.000,0.000,0.000,0.000,3.700,9.98,0.00,0.00,0.00,52,2,0.000000,0.000000,0,0
04/06/2026 23:30:10,30.90,30.33,58.39,101112.00,21.25,3.00,0.00,65.22,0.00,735.02,1610.42,626.77,760.15,753.15,1892.31,1886.56,1900.18,1897.68,0.000,0.000,0.000,0.000,0.000,0.000,0.000,0.000,0.000,0.000,0.000,0.000,0.000,0.000,0.000,0.000,0.000,0.000,0.000,0.000,0.000,0.000,0.000,0.000,0.000,0.000,0.000,0.000,3.700,9.98,0.00,0.00,0.00,52,2,0.000000,0.000000,0,0
04/06/2026 23:30:20,30.90,30.34,58.39,101112.00,21.26,3.00,0.00,69.59,0.00,735.27,1606.17,625.64,759.27,751.77,1892.56,1886.06,1900.31,1897.93,0.000,0.000,0.000,0.000,0.000,0.000,0.000,0.000,0.000,0.000,0.000,0.000,0.000,0.000,0.000,0.000,0.000,0.000,0.000,0.000,0.000,0.000,0.000,0.000,0.000,0.000,0.000,0.000,3.700,9.98,0.00,0.00,0.00,52,2,0.000000,0.000000,0,0
04/06/2026 23:30:30,30.90,30.35,58.42,101106.00,21.28,3.00,0.00,58.43,0.00,733.65,1601.17,623.52,750.15,742.77,1892.56,1886.31,1900.43,1897.81,0.000,0.000,0.000,0.000,0.000,0.000,0.000,0.000,0.000,0.000,0.000,0.000,0.000,0.000,0.000,0.000,0.000,0.000,0.000,0.000,0.000,0.000,0.000,0.000,0.000,0.000,0.000,0.000,3.700,9.98,0.00,0.00,0.00,51,2,0.000000,0.000000,0,0
04/06/2026 23:30:40,30.90,30.35,58.45,101103.00,21.29,3.00,0.00,70.03,0.00,735.15,1597.30,623.64,762.27,755.15,1893.06,1886.81,1900.31,1897.18,0.000,0.000,0.000,0.000,0.000,0.000,0.000,0.000,0.000,0.000,0.000,0.000,0.000,0.000,0.000,0.000,0.000,0.000,0.000,0.000,0.000,0.000,0.000,0.000,0.000,0.000,0.000,0.000,3.700,9.98,0.00,0.00,0.00,51,2,0.000000,0.000000,0,0
04/06/2026 23:30:50,30.90,30.35,58.45,101121.00,21.29,3.00,0.00,60.18,0.00,734.90,1592.80,624.02,762.40,755.65,1893.06,1887.31,1900.43,1897.68,0.000,0.000,0.000,0.000,0.000,0.000,0.000,0.000,0.000,0.000,0.000,0.000,0.000,0.000,0.000,0.000,0.000,0.000,0.000,0.000,0.000,0.000,0.000,0.000,0.000,0.000,0.000,0.000,3.700,9.98,0.00,0.00,0.00,52,2,0.000000,0.000000,0,0
04/06/2026 23:31:00,30.90,30.34,58.31,101112.00,21.24,3.00,0.00,68.06,0.00,734.77,1589.05,624.27,758.40,750.65,1892.31,1887.18,1900.31,1897.56,0.054,0.000,0.000,0.000,0.000,0.000,0.000,0.000,0.000,0.000,0.000,0.000,0.000,0.000,0.000,0.000,0.000,0.000,0.000,0.000,0.000,0.000,0.000,0.000,0.000,0.000,0.000,0.000,3.700,9.98,0.01,0.01,0.01,51,2,0.000000,0.000000,0,0
04/06/2026 23:31:10,30.90,30.33,58.31,101109.00,21.23,3.00,0.00,66.53,0.00,735.02,1584.17,626.27,760.02,752.27,1892.31,1887.06,1900.43,1897.68,0.000,0.000,0.000,0.000,0.000,0.000,0.000,0.000,0.000,0.000,0.000,0.000,0.000,0.000,0.000,0.000,0.000,0.000,0.000,0.000,0.000,0.000,0.000,0.000,0.000,0.000,0.000,0.000,3.700,9.98,0.00,0.00,0.00,52,2,0.000000,0.000000,0,0
04/06/2026 23:31:20,30.90,30.34,58.34,101118.00,21.25,3.00,0.00,58.43,0.00,735.15,1580.17,625.39,758.52,751.27,1892.43,1886.68,1900.56,1898.06,0.000,0.000,0.000,0.000,0.000,0.000,0.000,0.000,0.000,0.000,0.000,0.000,0.000,0.000,0.000,0.000,0.000,0.000,0.000,0.000,0.000,0.000,0.000,0.000,0.000,0.000,0.000,0.000,3.700,9.98,0.00,0.00,0.00,52,2,0.000000,0.000000,0,0
04/06/2026 23:31:30,30.90,30.34,58.39,101106.00,21.26,3.00,0.00,65.43,0.00,732.77,1575.55,624.39,756.77,749.65,1892.43,1885.93,1900.43,1897.56,0.000,0.000,0.000,0.000,0.000,0.000,0.000,0.000,0.000,0.000,0.000,0.000,0.000,0.000,0.000,0.000,0.000,0.000,0.000,0.000,0.000,0.000,0.000,0.000,0.000,0.000,0.000,0.000,3.700,9.98,0.00,0.00,0.00,52,2,0.000000,0.000000,0,0
04/06/2026 23:31:40,30.90,30.35,58.42,101115.00,21.28,3.00,0.00,65.00,0.00,731.90,1571.30,625.02,759.02,751.65,1892.56,1886.81,1900.43,1897.81,0.000,0.000,0.000,0.000,0.000,0.000,0.000,0.000,0.000,0.000,0.000,0.000,0.000,0.000,0.000,0.000,0.000,0.000,0.000,0.000,0.000,0.000,0.000,0.000,0.000,0.000,0.000,0.000,3.700,9.98,0.00,0.00,0.00,52,2,0.000000,0.000000,0,0
04/06/2026 23:31:50,30.90,30.35,58.45,101112.00,21.29,3.00,0.00,64.12,0.00,731.52,1568.05,624.77,758.52,752.02,1892.56,1886.93,1899.93,1897.43,0.000,0.000,0.000,0.000,0.000,0.000,0.000,0.000,0.000,0.000,0.000,0.000,0.000,0.000,0.000,0.000,0.000,0.000,0.000,0.000,0.000,0.000,0.000,0.000,0.000,0.000,0.000,0.000,3.700,9.98,0.00,0.00,0.00,52,2,0.000000,0.000000,0,0
04/06/2026 23:32:00,30.90,30.34,58.39,101118.00,21.26,3.00,0.00,58.87,0.00,730.77,1564.17,624.64,757.52,749.77,1892.68,1887.06,1900.56,1897.68,0.000,0.000,0.000,0.000,0.000,0.000,0.000,0.000,0.000,0.000,0.000,0.000,0.000,0.000,0.000,0.000,0.000,0.000,0.000,0.000,0.000,0.000,0.000,0.000,0.000,0.000,0.000,0.000,3.700,9.98,0.00,0.00,0.00,52,2,0.000000,0.000000,0,0
04/06/2026 23:32:10,30.90,30.33,58.36,101106.00,21.24,3.00,0.00,61.28,0.00,731.02,1559.05,623.64,759.65,752.15,1892.81,1887.43,1900.18,1897.68,0.000,0.000,0.000,0.000,0.000,0.000,0.000,0.000,0.000,0.000,0.000,0.000,0.000,0.000,0.000,0.000,0.000,0.000,0.000,0.000,0.000,0.000,0.000,0.000,0.000,0.000,0.000,0.000,3.700,9.98,0.00,0.00,0.00,52,2,0.000000,0.000000,0,0
04/06/2026 23:32:20,30.90,30.33,58.36,101121.00,21.24,3.00,0.00,64.78,0.00,732.77,1554.80,622.52,758.90,751.15,1892.68,1887.06,1900.06,1897.56,0.000,0.000,0.000,0.000,0.000,0.000,0.000,0.000,0.000,0.000,0.000,0.000,0.000,0.000,0.000,0.000,0.000,0.000,0.000,0.000,0.000,0.000,0.000,0.000,0.000,0.000,0.000,0.000,3.700,9.98,0.00,0.00,0.00,52,2,0.000000,0.000000,0,0
04/06/2026 23:32:30,30.90,30.33,58.42,101121.00,21.26,3.00,0.00,65.43,0.00,729.27,1551.67,622.89,757.90,750.40,1892.81,1887.31,1900.18,1897.56,0.000,0.000,0.000,0.000,0.000,0.000,0.000,0.000,0.000,0.000,0.000,0.000,0.000,0.000,0.000,0.000,0.000,0.000,0.000,0.000,0.000,0.000,0.000,0.000,0.000,0.000,0.000,0.000,3.700,9.98,0.00,0.00,0.00,52,2,0.000000,0.000000,0,0
04/06/2026 23:32:40,30.90,30.35,58.45,101115.00,21.29,3.00,0.00,67.62,0.00,730.27,1548.67,624.52,758.52,751.02,1892.68,1887.18,1900.31,1897.43,0.000,0.000,0.000,0.000,0.000,0.000,0.000,0.000,0.000,0.000,0.000,0.000,0.000,0.000,0.000,0.000,0.000,0.000,0.000,0.000,0.000,0.000,0.000,0.000,0.000,0.000,0.000,0.000,3.700,9.98,0.00,0.00,0.00,52,2,0.000000,0.000000,0,0
04/06/2026 23:32:50,30.90,30.35,58.49,101115.00,21.30,3.00,0.00,62.37,0.00,729.40,1545.80,624.89,758.52,751.52,1892.31,1885.93,1900.18,1897.43,0.000,0.000,0.000,0.000,0.000,0.000,0.000,0.000,0.000,0.000,0.000,0.000,0.000,0.000,0.000,0.000,0.000,0.000,0.000,0.000,0.000,0.000,0.000,0.000,0.000,0.000,0.000,0.000,3.700,9.98,0.00,0.00,0.00,52,2,0.000000,0.000000,0,0
04/06/2026 23:33:00,30.90,30.35,58.42,101109.00,21.28,3.00,0.00,58.87,0.00,731.15,1543.05,622.77,758.02,750.27,1892.56,1886.43,1900.06,1897.56,0.000,0.000,0.000,0.000,0.000,0.000,0.000,0.000,0.000,0.000,0.000,0.000,0.000,0.000,0.000,0.000,0.000,0.000,0.000,0.000,0.000,0.000,0.000,0.000,0.000,0.000,0.000,0.000,3.700,9.98,0.00,0.00,0.00,52,2,0.000000,0.000000,0,0
04/06/2026 23:33:10,30.90,30.35,58.52,101103.00,21.30,3.00,0.00,59.74,0.00,731.52,1539.42,624.39,758.15,751.02,1892.43,1886.68,1899.93,1897.56,0.000,0.000,0.000,0.000,0.000,0.000,0.000,0.000,0.000,0.000,0.000,0.000,0.000,0.000,0.000,0.000,0.000,0.000,0.000,0.000,0.000,0.000,0.000,0.000,0.000,0.000,0.000,0.000,3.700,9.98,0.00,0.00,0.00,52,2,0.000000,0.000000,0,0
04/06/2026 23:33:20,30.90,30.35,58.52,101121.00,21.30,3.00,0.00,64.34,0.00,730.90,1536.30,624.14,759.27,751.77,1892.68,1886.18,1900.31,1897.81,0.000,0.000,0.000,0.000,0.000,0.000,0.000,0.000,0.000,0.000,0.000,0.000,0.000,0.000,0.000,0.000,0.000,0.000,0.000,0.000,0.000,0.000,0.000,0.000,0.000,0.000,0.000,0.000,3.700,9.98,0.00,0.00,0.00,52,2,0.000000,0.000000,0,0
04/06/2026 23:33:30,30.90,30.33,58.58,101115.00,21.30,3.00,0.00,68.72,0.00,733.15,1533.17,626.02,757.40,750.02,1892.93,1886.56,1900.31,1897.68,0.000,0.000,0.000,0.000,0.000,0.000,0.000,0.000,0.000,0.000,0.000,0.000,0.000,0.000,0.000,0.000,0.000,0.000,0.000,0.000,0.000,0.000,0.000,0.000,0.000,0.000,0.000,0.000,3.700,9.98,0.00,0.00,0.00,51,2,0.000000,0.000000,0,0
04/06/2026 23:33:40,30.90,30.33,58.63,101127.00,21.32,3.00,0.00,63.47,0.00,734.52,1529.05,626.14,758.02,750.90,1892.93,1887.31,1900.06,1897.56,0.000,0.000,0.000,0.000,0.000,0.000,0.000,0.000,0.000,0.000,0.000,0.000,0.000,0.000,0.000,0.000,0.000,0.000,0.000,0.000,0.000,0.000,0.000,0.000,0.000,0.000,0.000,0.000,3.700,9.98,0.00,0.00,0.00,52,2,0.000000,0.000000,0,0
04/06/2026 23:33:50,30.90,30.33,58.55,101130.00,21.29,3.00,0.00,58.87,0.00,731.65,1524.80,624.77,759.40,751.02,1892.43,1887.06,1900.06,1897.56,0.000,0.000,0.000,0.000,0.000,0.000,0.000,0.000,0.000,0.000,0.000,0.000,0.000,0.000,0.000,0.000,0.000,0.000,0.000,0.000,0.000,0.000,0.000,0.000,0.000,0.000,0.000,0.000,3.700,9.98,0.00,0.00,0.00,52,2,0.000000,0.000000,0,0
04/06/2026 23:34:00,30.90,30.33,58.49,101118.00,21.28,3.00,0.00,69.16,0.00,732.77,1520.92,623.52,757.90,749.90,1892.43,1887.06,1900.06,1897.43,0.000,0.000,0.000,0.000,0.000,0.000,0.000,0.000,0.000,0.000,0.000,0.000,0.000,0.000,0.000,0.000,0.000,0.000,0.000,0.000,0.000,0.000,0.000,0.000,0.000,0.000,0.000,0.000,3.700,9.98,0.00,0.00,0.00,52,2,0.000000,0.000000,0,0
04/06/2026 23:34:10,30.90,30.33,58.49,101115.00,21.28,3.00,0.00,67.62,0.00,733.77,1516.05,623.52,758.27,750.15,1892.43,1887.18,1900.06,1897.56,0.000,0.000,0.000,0.000,0.000,0.000,0.000,0.000,0.000,0.000,0.000,0.000,0.000,0.000,0.000,0.000,0.000,0.000,0.000,0.000,0.000,0.000,0.000,0.000,0.000,0.000,0.000,0.000,3.700,9.98,0.00,0.00,0.00,51,2,0.000000,0.000000,0,0
04/06/2026 23:34:20,30.90,30.33,58.49,101127.00,21.28,3.00,0.00,59.53,0.00,733.15,1512.92,623.89,759.15,752.02,1892.56,1886.81,1900.06,1897.81,0.000,0.000,0.000,0.000,0.000,0.000,0.000,0.000,0.000,0.000,0.000,0.000,0.000,0.000,0.000,0.000,0.000,0.000,0.000,0.000,0.000,0.000,0.000,0.000,0.000,0.000,0.000,0.000,3.700,9.98,0.00,0.00,0.00,52,2,0.000000,0.000000,0,0
04/06/2026 23:34:30,30.90,30.33,58.49,101115.00,21.28,3.00,0.00,59.09,0.00,735.27,1509.42,624.02,757.52,749.90,1892.43,1887.06,1899.93,1897.68,0.000,0.000,0.000,0.000,0.000,0.000,0.000,0.000,0.000,0.000,0.000,0.000,0.000,0.000,0.000,0.000,0.000,0.000,0.000,0.000,0.000,0.000,0.000,0.000,0.000,0.000,0.000,0.000,3.700,9.98,0.00,0.00,0.00,52,2,0.000000,0.000000,0,0
04/06/2026 23:34:40,30.90,30.33,58.55,101115.00,21.29,3.00,0.00,64.78,0.00,734.02,1504.67,622.77,757.90,750.27,1892.81,1887.06,1899.93,1897.18,0.000,0.000,0.000,0.000,0.000,0.000,0.000,0.000,0.000,0.000,0.000,0.000,0.000,0.000,0.000,0.000,0.000,0.000,0.000,0.000,0.000,0.000,0.000,0.000,0.000,0.000,0.000,0.000,3.700,9.98,0.00,0.00,0.00,52,2,0.000000,0.000000,0,0
04/06/2026 23:34:50,30.90,30.33,58.58,101118.00,21.30,3.00,0.00,64.12,0.00,734.77,1500.42,623.39,758.52,751.27,1892.68,1886.68,1900.06,1897.56,0.000,0.000,0.000,0.000,0.000,0.000,0.000,0.000,0.000,0.000,0.000,0.000,0.000,0.000,0.000,0.000,0.000,0.000,0.000,0.000,0.000,0.000,0.000,0.000,0.000,0.000,0.000,0.000,3.700,9.98,0.00,0.00,0.00,52,2,0.000000,0.000000,0,0
04/06/2026 23:35:00,30.90,30.33,58.58,101124.00,21.30,3.00,0.00,60.40,0.00,736.40,1497.30,624.27,758.15,750.27,1892.31,1886.81,1899.93,1897.56,0.000,0.000,0.000,0.000,0.000,0.000,0.000,0.000,0.000,0.000,0.000,0.000,0.000,0.000,0.000,0.000,0.000,0.000,0.000,0.000,0.000,0.000,0.000,0.000,0.000,0.000,0.000,0.000,3.700,9.98,0.00,0.00,0.00,52,2,0.000000,0.000000,0,0
04/06/2026 23:35:10,30.90,30.33,58.60,101115.00,21.31,3.00,0.00,69.59,0.00,734.77,1494.17,625.89,757.15,749.77,1892.56,1887.18,1899.81,1896.93,0.000,0.000,0.000,0.000,0.000,0.000,0.000,0.000,0.000,0.000,0.000,0.000,0.000,0.000,0.000,0.000,0.000,0.000,0.000,0.000,0.000,0.000,0.000,0.000,0.000,0.000,0.000,0.000,3.700,9.98,0.00,0.00,0.00,51,2,0.000000,0.000000,0,0
04/06/2026 23:35:20,30.90,30.34,58.63,101121.00,21.33,3.00,0.00,68.94,0.00,734.40,1491.05,624.39,759.02,751.77,1892.68,1887.06,1899.56,1897.43,0.000,0.000,0.000,0.000,0.000,0.000,0.000,0.000,0.000,0.000,0.000,0.000,0.000,0.000,0.000,0.000,0.000,0.000,0.000,0.000,0.000,0.000,0.000,0.000,0.000,0.000,0.000,0.000,3.700,9.98,0.00,0.00,0.00,52,2,0.000000,0.000000,0,0
04/06/2026 23:35:30,30.90,30.33,58.63,101112.00,21.32,3.00,0.00,61.71,0.00,733.65,1488.30,626.14,750.15,742.15,1892.31,1886.56,1900.06,1898.06,0.000,0.000,0.000,0.000,0.000,0.000,0.000,0.000,0.000,0.000,0.000,0.000,0.000,0.000,0.000,0.000,0.000,0.000,0.000,0.000,0.000,0.000,0.000,0.000,0.000,0.000,0.000,0.000,3.700,9.98,0.00,0.00,0.00,51,2,0.000000,0.000000,0,0
04/06/2026 23:35:40,30.90,30.33,58.63,101118.00,21.32,3.00,0.00,65.22,0.00,733.15,1484.80,623.77,762.40,754.15,1892.18,1886.68,1899.68,1897.18,0.000,0.000,0.000,0.000,0.000,0.000,0.000,0.000,0.000,0.000,0.000,0.000,0.000,0.000,0.000,0.000,0.000,0.000,0.000,0.000,0.000,0.000,0.000,0.000,0.000,0.000,0.000,0.000,3.700,9.98,0.00,0.00,0.00,51,2,0.000000,0.000000,0,0
04/06/2026 23:35:50,30.90,30.33,58.63,101124.00,21.32,3.00,0.00,68.94,0.00,731.65,1481.17,624.27,762.02,754.15,1892.43,1886.68,1899.68,1897.06,0.000,0.000,0.000,0.000,0.000,0.000,0.000,0.000,0.000,0.000,0.000,0.000,0.000,0.000,0.000,0.000,0.000,0.000,0.000,0.000,0.000,0.000,0.000,0.000,0.000,0.000,0.000,0.000,3.700,9.98,0.00,0.00,0.00,52,2,0.000000,0.000000,0,0
04/06/2026 23:36:00,30.90,30.34,58.66,101130.00,21.33,3.00,0.00,59.53,0.00,732.65,1477.42,623.27,758.15,750.65,1892.56,1886.68,1899.93,1897.18,0.000,0.000,0.000,0.000,0.000,0.000,0.000,0.000,0.000,0.000,0.000,0.000,0.000,0.000,0.000,0.000,0.000,0.000,0.000,0.000,0.000,0.000,0.000,0.000,0.000,0.000,0.000,0.000,3.700,9.98,0.00,0.00,0.00,52,2,0.000000,0.000000,0,0
04/06/2026 23:36:10,30.90,30.33,58.60,101124.00,21.31,3.00,0.00,70.47,0.00,732.02,1474.80,624.64,756.65,748.15,1892.68,1887.31,1900.31,1897.56,0.000,0.000,0.000,0.000,0.000,0.000,0.000,0.000,0.000,0.000,0.000,0.000,0.000,0.000,0.000,0.000,0.000,0.000,0.000,0.000,0.000,0.000,0.000,0.000,0.000,0.000,0.000,0.000,3.700,9.98,0.00,0.00,0.00,52,2,0.000000,0.000000,0,0
04/06/2026 23:36:20,30.90,30.32,58.58,101121.00,21.29,3.00,0.00,59.09,0.00,730.02,1471.29,624.39,759.77,751.52,1892.56,1887.43,1899.81,1897.31,0.000,0.000,0.000,0.000,0.000,0.000,0.000,0.000,0.000,0.000,0.000,0.000,0.000,0.000,0.000,0.000,0.000,0.000,0.000,0.000,0.000,0.000,0.000,0.000,0.000,0.000,0.000,0.000,3.700,9.98,0.00,0.00,0.00,52,2,0.000000,0.000000,0,0
04/06/2026 23:36:30,30.90,30.33,58.49,101121.00,21.28,3.00,0.00,68.06,0.00,730.02,1468.17,624.77,759.02,750.52,1892.18,1887.31,1899.81,1897.43,0.000,0.000,0.000,0.000,0.000,0.000,0.000,0.000,0.000,0.000,0.000,0.000,0.000,0.000,0.000,0.000,0.000,0.000,0.000,0.000,0.000,0.000,0.000,0.000,0.000,0.000,0.000,0.000,3.700,9.98,0.00,0.00,0.00,52,2,0.000000,0.000000,0,0
04/06/2026 23:36:40,30.90,30.33,58.52,101109.00,21.28,3.00,0.00,70.25,0.00,730.90,1464.54,623.77,756.52,748.77,1892.31,1887.31,1900.06,1897.93,0.000,0.000,0.000,0.000,0.000,0.000,0.000,0.000,0.000,0.000,0.000,0.000,0.000,0.000,0.000,0.000,0.000,0.000,0.000,0.000,0.000,0.000,0.000,0.000,0.000,0.000,0.000,0.000,3.700,9.98,0.00,0.00,0.00,52,2,0.000000,0.000000,0,0
04/06/2026 23:36:50,30.90,30.33,58.49,101127.00,21.28,3.00,0.00,60.40,0.00,730.02,1461.29,623.77,759.02,750.90,1892.06,1886.68,1900.06,1897.81,0.000,0.000,0.000,0.000,0.000,0.000,0.000,0.000,0.000,0.000,0.000,0.000,0.000,0.000,0.000,0.000,0.000,0.000,0.000,0.000,0.000,0.000,0.000,0.000,0.000,0.000,0.000,0.000,3.700,9.98,0.00,0.00,0.00,52,2,0.000000,0.000000,0,0
04/06/2026 23:37:00,31.00,30.33,58.49,101136.00,21.28,3.00,0.00,65.43,0.00,731.15,1458.04,625.27,757.90,750.40,1892.43,1886.93,1900.18,1897.81,0.000,0.000,0.000,0.000,0.000,0.000,0.000,0.000,0.000,0.000,0.000,0.000,0.000,0.000,0.000,0.000,0.000,0.000,0.000,0.000,0.000,0.000,0.000,0.000,0.000,0.000,0.000,0.000,3.700,9.98,0.00,0.00,0.00,52,2,0.000000,0.000000,0,0
04/06/2026 23:37:10,30.90,30.33,58.52,101118.00,21.28,3.00,0.00,68.06,0.00,731.15,1455.04,624.02,756.40,749.02,1893.43,1887.06,1899.93,1898.18,0.000,0.000,0.000,0.000,0.000,0.000,0.000,0.000,0.000,0.000,0.000,0.000,0.000,0.000,0.000,0.000,0.000,0.000,0.000,0.000,0.000,0.000,0.000,0.000,0.000,0.000,0.000,0.000,3.700,9.98,0.00,0.00,0.00,51,2,0.000000,0.000000,0,0
04/06/2026 23:37:20,30.90,30.33,58.49,101118.00,21.28,3.00,0.00,60.18,0.00,729.15,1451.92,625.02,759.27,751.15,1893.31,1886.68,1899.68,1897.68,0.000,0.000,0.000,0.000,0.000,0.000,0.000,0.000,0.000,0.000,0.000,0.000,0.000,0.000,0.000,0.000,0.000,0.000,0.000,0.000,0.000,0.000,0.000,0.000,0.000,0.000,0.000,0.000,3.700,9.98,0.00,0.00,0.00,52,2,0.000000,0.000000,0,0
04/06/2026 23:37:30,30.90,30.32,58.49,101118.00,21.27,3.00,0.00,62.81,0.00,733.27,1447.79,623.77,758.02,750.27,1892.56,1886.68,1899.81,1897.81,0.000,0.000,0.000,0.000,0.000,0.000,0.000,0.000,0.000,0.000,0.000,0.000,0.000,0.000,0.000,0.000,0.000,0.000,0.000,0.000,0.000,0.000,0.000,0.000,0.000,0.000,0.000,0.000,3.700,9.98,0.00,0.00,0.00,52,2,0.000000,0.000000,0,0
04/06/2026 23:37:40,30.90,30.32,58.49,101124.00,21.27,3.00,0.00,59.09,0.00,732.27,1444.04,623.52,756.65,748.77,1892.43,1886.93,1899.56,1897.81,0.000,0.000,0.000,0.000,0.000,0.000,0.000,0.000,0.000,0.000,0.000,0.000,0.000,0.000,0.000,0.000,0.000,0.000,0.000,0.000,0.000,0.000,0.000,0.000,0.000,0.000,0.000,0.000,3.700,9.98,0.00,0.00,0.00,51,2,0.000000,0.000000,0,0
04/06/2026 23:37:50,30.90,30.33,58.52,101121.00,21.28,3.00,0.00,68.94,0.00,733.27,1441.54,623.14,758.52,750.77,1892.31,1886.68,1899.81,1897.81,0.000,0.000,0.000,0.000,0.000,0.000,0.000,0.000,0.000,0.000,0.000,0.000,0.000,0.000,0.000,0.000,0.000,0.000,0.000,0.000,0.000,0.000,0.000,0.000,0.000,0.000,0.000,0.000,3.700,9.98,0.00,0.00,0.00,52,2,0.000000,0.000000,0,0
04/06/2026 23:38:00,30.90,30.33,58.52,101118.00,21.28,3.00,0.00,68.50,0.00,732.27,1438.29,622.52,757.90,750.52,1892.43,1886.81,1899.56,1897.43,0.000,0.000,0.000,0.000,0.000,0.000,0.000,0.000,0.000,0.000,0.000,0.000,0.000,0.000,0.000,0.000,0.000,0.000,0.000,0.000,0.000,0.000,0.000,0.000,0.000,0.000,0.000,0.000,3.700,9.98,0.00,0.00,0.00,52,2,0.000000,0.000000,0,0
04/06/2026 23:38:10,31.00,30.33,58.49,101127.00,21.28,3.00,0.00,61.28,0.00,733.77,1434.67,623.77,757.15,749.02,1892.56,1887.06,1899.56,1897.81,0.000,0.000,0.000,0.000,0.000,0.000,0.000,0.000,0.000,0.000,0.000,0.000,0.000,0.000,0.000,0.000,0.000,0.000,0.000,0.000,0.000,0.000,0.000,0.000,0.000,0.000,0.000,0.000,3.700,9.98,0.00,0.00,0.00,52,2,0.000000,0.000000,0,0
04/06/2026 23:38:20,30.90,30.33,58.42,101112.00,21.26,3.00,0.00,63.90,0.00,734.40,1432.29,624.02,758.40,750.40,1892.31,1887.43,1900.06,1898.31,0.000,0.000,0.000,0.000,0.000,0.000,0.000,0.000,0.000,0.000,0.000,0.000,0.000,0.000,0.000,0.000,0.000,0.000,0.000,0.000,0.000,0.000,0.000,0.000,0.000,0.000,0.000,0.000,3.700,9.98,0.00,0.00,0.00,52,2,0.000000,0.000000,0,0
04/06/2026 23:38:30,30.90,30.32,58.42,101112.00,21.25,3.00,0.00,69.16,0.00,734.40,1429.42,624.52,758.65,750.77,1892.18,1887.18,1900.06,1897.93,0.000,0.000,0.000,0.000,0.000,0.000,0.000,0.000,0.000,0.000,0.000,0.000,0.000,0.000,0.000,0.000,0.000,0.000,0.000,0.000,0.000,0.000,0.000,0.000,0.000,0.000,0.000,0.000,3.700,9.98,0.00,0.00,0.00,52,2,0.000000,0.000000,0,0
04/06/2026 23:38:40,31.00,30.32,58.42,101124.00,21.25,3.00,0.00,69.59,0.00,736.77,1426.04,624.27,756.90,749.15,1892.43,1886.56,1899.93,1897.31,0.000,0.000,0.000,0.000,0.000,0.000,0.000,0.000,0.000,0.000,0.000,0.000,0.000,0.000,0.000,0.000,0.000,0.000,0.000,0.000,0.000,0.000,0.000,0.000,0.000,0.000,0.000,0.000,3.700,9.98,0.00,0.00,0.00,52,2,0.000000,0.000000,0,0
04/06/2026 23:38:50,31.00,30.32,58.39,101130.00,21.24,3.00,0.00,67.62,0.00,736.77,1422.04,625.64,757.27,749.02,1892.31,1886.81,1899.93,1897.43,0.000,0.000,0.000,0.000,0.000,0.000,0.000,0.000,0.000,0.000,0.000,0.000,0.000,0.000,0.000,0.000,0.000,0.000,0.000,0.000,0.000,0.000,0.000,0.000,0.000,0.000,0.000,0.000,3.700,9.98,0.00,0.00,0.00,52,2,0.000000,0.000000,0,0
04/06/2026 23:39:00,30.90,30.32,58.19,101118.00,21.18,3.00,0.00,69.81,0.00,733.65,1418.54,623.14,758.90,750.52,1891.68,1886.93,1900.06,1897.43,0.000,0.000,0.000,0.000,0.000,0.000,0.000,0.000,0.000,0.000,0.000,0.000,0.000,0.000,0.000,0.000,0.000,0.000,0.000,0.000,0.000,0.000,0.000,0.000,0.000,0.000,0.000,0.000,3.700,9.98,0.00,0.00,0.00,52,2,0.000000,0.000000,0,0
04/06/2026 23:39:10,31.00,30.33,58.16,101139.00,21.19,3.00,0.00,70.03,0.00,734.77,1415.17,624.39,757.27,748.90,1891.81,1887.31,1899.68,1897.56,0.000,0.000,0.000,0.000,0.000,0.000,0.000,0.000,0.000,0.000,0.000,0.000,0.000,0.000,0.000,0.000,0.000,0.000,0.000,0.000,0.000,0.000,0.000,0.000,0.000,0.000,0.000,0.000,3.700,9.98,0.00,0.00,0.00,51,2,0.000000,0.000000,0,0
04/06/2026 23:39:20,31.00,30.32,58.19,101130.00,21.18,3.00,0.00,66.53,0.00,736.40,1412.04,625.39,757.15,748.65,1891.93,1886.56,1899.81,1897.31,0.000,0.000,0.000,0.000,0.000,0.000,0.000,0.000,0.000,0.000,0.000,0.000,0.000,0.000,0.000,0.000,0.000,0.000,0.000,0.000,0.000,0.000,0.000,0.000,0.000,0.000,0.000,0.000,3.700,9.98,0.00,0.00,0.00,52,2,0.000000,0.000000,0,0
04/06/2026 23:39:30,31.00,30.31,58.19,101130.00,21.17,3.00,0.00,58.87,0.00,733.02,1407.92,623.39,758.27,750.40,1891.93,1886.18,1900.43,1897.81,0.000,0.000,0.000,0.000,0.000,0.000,0.000,0.000,0.000,0.000,0.000,0.000,0.000,0.000,0.000,0.000,0.000,0.000,0.000,0.000,0.000,0.000,0.000,0.000,0.000,0.000,0.000,0.000,3.700,9.98,0.00,0.00,0.00,52,2,0.000000,0.000000,0,0
04/06/2026 23:39:40,30.90,30.32,58.19,101136.00,21.18,3.00,0.00,58.87,0.00,731.65,1403.92,623.27,757.40,749.52,1892.31,1886.93,1900.18,1897.81,0.000,0.000,0.000,0.000,0.000,0.000,0.000,0.000,0.000,0.000,0.000,0.000,0.000,0.000,0.000,0.000,0.000,0.000,0.000,0.000,0.000,0.000,0.000,0.000,0.000,0.000,0.000,0.000,3.700,9.98,0.00,0.00,0.00,52,2,0.000000,0.000000,0,0
04/06/2026 23:39:50,30.90,30.32,58.16,101127.00,21.18,3.00,0.00,58.65,0.00,731.52,1400.54,626.39,756.02,748.40,1891.81,1886.56,1900.06,1897.43,0.000,0.000,0.000,0.000,0.000,0.000,0.000,0.000,0.000,0.000,0.000,0.000,0.000,0.000,0.000,0.000,0.000,0.000,0.000,0.000,0.000,0.000,0.000,0.000,0.000,0.000,0.000,0.000,3.700,9.98,0.00,0.00,0.00,52,2,0.000000,0.000000,0,0
04/06/2026 23:40:00,30.90,30.32,58.19,101124.00,21.18,3.00,0.00,68.28,0.00,732.27,1396.92,624.89,758.40,751.15,1891.68,1886.18,1900.06,1897.31,0.000,0.000,0.000,0.000,0.000,0.000,0.000,0.000,0.000,0.000,0.000,0.000,0.000,0.000,0.000,0.000,0.000,0.000,0.000,0.000,0.000,0.000,0.000,0.000,0.000,0.000,0.000,0.000,3.700,9.98,0.00,0.00,0.00,51,2,0.000000,0.000000,0,0
04/06/2026 23:40:10,30.90,30.32,58.19,101133.00,21.18,3.00,0.00,66.75,0.00,729.02,1393.17,624.89,757.15,749.65,1891.93,1886.81,1899.68,1897.43,0.000,0.000,0.000,0.000,0.000,0.000,0.000,0.000,0.000,0.000,0.000,0.000,0.000,0.000,0.000,0.000,0.000,0.000,0.000,0.000,0.000,0.000,0.000,0.000,0.000,0.000,0.000,0.000,3.700,9.98,0.00,0.00,0.00,52,2,0.000000,0.000000,0,0
04/06/2026 23:40:20,30.90,30.31,58.22,101124.00,21.18,3.00,0.00,60.84,0.00,730.90,1389.79,624.39,754.90,746.90,1891.93,1886.68,1900.31,1897.81,0.000,0.000,0.000,0.000,0.000,0.000,0.000,0.000,0.000,0.000,0.000,0.000,0.000,0.000,0.000,0.000,0.000,0.000,0.000,0.000,0.000,0.000,0.000,0.000,0.000,0.000,0.000,0.000,3.700,9.98,0.00,0.00,0.00,52,2,0.000000,0.000000,0,0
04/06/2026 23:40:30,30.90,30.31,58.25,101124.00,21.19,3.00,0.00,59.96,0.00,731.02,1387.17,625.27,751.27,743.52,1891.81,1886.56,1900.43,1898.43,0.000,0.000,0.000,0.000,0.000,0.000,0.000,0.000,0.000,0.000,0.000,0.000,0.000,0.000,0.000,0.000,0.000,0.000,0.000,0.000,0.000,0.000,0.000,0.000,0.000,0.000,0.000,0.000,3.700,9.98,0.00,0.00,0.00,52,2,0.000000,0.000000,0,0
04/06/2026 23:40:40,30.90,30.31,58.31,101133.00,21.21,3.00,0.00,64.12,0.00,732.02,1384.17,624.27,761.02,753.65,1892.06,1886.81,1900.18,1898.18,0.000,0.000,0.000,0.000,0.000,0.000,0.000,0.000,0.000,0.000,0.000,0.000,0.000,0.000,0.000,0.000,0.000,0.000,0.000,0.000,0.000,0.000,0.000,0.000,0.000,0.000,0.000,0.000,3.700,9.98,0.00,0.00,0.00,52,2,0.000000,0.000000,0,0
04/06/2026 23:40:50,30.90,30.31,58.31,101130.00,21.21,3.00,0.00,70.69,0.00,730.52,1380.79,623.89,758.27,750.52,1891.81,1886.81,1900.18,1897.43,0.000,0.000,0.000,0.000,0.000,0.000,0.000,0.000,0.000,0.000,0.000,0.000,0.000,0.000,0.000,0.000,0.000,0.000,0.000,0.000,0.000,0.000,0.000,0.000,0.000,0.000,0.000,0.000,3.700,9.98,0.00,0.00,0.00,52,2,0.000000,0.000000,0,0
04/06/2026 23:41:00,30.90,30.31,58.31,101133.00,21.21,3.00,0.00,68.72,0.00,731.02,1377.17,624.27,757.65,750.02,1891.68,1886.56,1900.31,1897.43,0.000,0.000,0.000,0.000,0.000,0.000,0.000,0.000,0.000,0.000,0.000,0.000,0.000,0.000,0.000,0.000,0.000,0.000,0.000,0.000,0.000,0.000,0.000,0.000,0.000,0.000,0.000,0.000,3.700,9.98,0.00,0.00,0.00,52,2,0.000000,0.000000,0,0
04/06/2026 23:41:10,30.90,30.30,58.31,101130.00,21.20,3.00,0.00,70.25,0.00,731.40,1373.92,623.77,757.02,749.40,1892.31,1887.31,1899.93,1897.43,0.000,0.000,0.000,0.000,0.000,0.000,0.000,0.000,0.000,0.000,0.000,0.000,0.000,0.000,0.000,0.000,0.000,0.000,0.000,0.000,0.000,0.000,0.000,0.000,0.000,0.000,0.000,0.000,3.700,9.98,0.00,0.00,0.00,52,2,0.000000,0.000000,0,0
04/06/2026 23:41:20,30.90,30.29,58.34,101118.00,21.20,3.00,0.00,69.81,0.00,732.27,1370.79,624.64,755.40,747.65,1892.18,1887.31,1900.18,1897.31,0.000,0.000,0.000,0.000,0.000,0.000,0.000,0.000,0.000,0.000,0.000,0.000,0.000,0.000,0.000,0.000,0.000,0.000,0.000,0.000,0.000,0.000,0.000,0.000,0.000,0.000,0.000,0.000,3.700,9.98,0.00,0.00,0.00,51,2,0.000000,0.000000,0,0
04/06/2026 23:41:30,30.90,30.29,58.36,101118.00,21.20,3.00,0.00,70.03,0.00,732.40,1368.04,626.77,757.52,750.27,1891.93,1887.06,1900.31,1897.56,0.000,0.000,0.000,0.000,0.000,0.000,0.000,0.000,0.000,0.000,0.000,0.000,0.000,0.000,0.000,0.000,0.000,0.000,0.000,0.000,0.000,0.000,0.000,0.000,0.000,0.000,0.000,0.000,3.700,9.98,0.00,0.00,0.00,52,2,0.000000,0.000000,0,0
04/06/2026 23:41:40,30.90,30.27,58.42,101127.00,21.21,3.00,0.00,64.12,0.00,731.77,1365.17,626.27,756.77,748.90,1891.81,1886.68,1900.56,1897.68,0.000,0.000,0.000,0.000,0.000,0.000,0.000,0.000,0.000,0.000,0.000,0.000,0.000,0.000,0.000,0.000,0.000,0.000,0.000,0.000,0.000,0.000,0.000,0.000,0.000,0.000,0.000,0.000,3.700,9.98,0.00,0.00,0.00,52,2,0.000000,0.000000,0,0
04/06/2026 23:41:50,30.90,30.29,58.42,101127.00,21.22,3.00,0.00,65.22,0.00,734.40,1362.67,627.02,755.15,747.77,1891.81,1886.31,1900.06,1897.68,0.000,0.000,0.000,0.000,0.000,0.000,0.000,0.000,0.000,0.000,0.000,0.000,0.000,0.000,0.000,0.000,0.000,0.000,0.000,0.000,0.000,0.000,0.000,0.000,0.000,0.000,0.000,0.000,3.700,9.98,0.00,0.00,0.00,52,2,0.000000,0.000000,0,0
04/06/2026 23:42:00,30.90,30.26,58.39,101133.00,21.19,3.00,0.00,63.25,0.00,733.90,1358.92,625.77,756.90,748.90,1891.68,1886.31,1899.93,1897.43,0.000,0.000,0.000,0.000,0.000,0.000,0.000,0.000,0.000,0.000,0.000,0.000,0.000,0.000,0.000,0.000,0.000,0.000,0.000,0.000,0.000,0.000,0.000,0.000,0.000,0.000,0.000,0.000,3.700,9.98,0.00,0.00,0.00,52,2,0.000000,0.000000,0,0
04/06/2026 23:42:10,30.90,30.26,58.42,101133.00,21.20,3.00,0.00,58.43,0.00,734.52,1355.29,626.27,756.90,749.02,1891.81,1886.43,1899.93,1897.31,0.000,0.000,0.000,0.000,0.000,0.000,0.000,0.000,0.000,0.000,0.000,0.000,0.000,0.000,0.000,0.000,0.000,0.000,0.000,0.000,0.000,0.000,0.000,0.000,0.000,0.000,0.000,0.000,3.700,9.98,0.00,0.00,0.00,52,2,0.000000,0.000000,0,0
04/06/2026 23:42:20,30.90,30.25,58.49,101130.00,21.21,3.00,0.00,68.50,0.00,732.77,1353.04,626.02,755.27,747.52,1891.81,1886.56,1900.06,1897.56,0.000,0.000,0.000,0.000,0.000,0.000,0.000,0.000,0.000,0.000,0.000,0.000,0.000,0.000,0.000,0.000,0.000,0.000,0.000,0.000,0.000,0.000,0.000,0.000,0.000,0.000,0.000,0.000,3.700,9.98,0.00,0.00,0.00,52,2,0.000000,0.000000,0,0
04/06/2026 23:42:30,30.90,30.24,58.52,101121.00,21.20,3.00,0.00,63.90,0.00,734.90,1350.79,627.27,756.15,749.02,1892.18,1886.68,1900.06,1897.43,0.000,0.000,0.000,0.000,0.000,0.000,0.000,0.000,0.000,0.000,0.000,0.000,0.000,0.000,0.000,0.000,0.000,0.000,0.000,0.000,0.000,0.000,0.000,0.000,0.000,0.000,0.000,0.000,3.700,9.98,0.00,0.00,0.00,52,2,0.000000,0.000000,0,0
04/06/2026 23:42:40,30.90,30.24,58.55,101136.00,21.21,3.00,0.00,60.40,0.00,736.90,1347.67,628.02,756.40,748.90,1891.93,1886.31,1900.06,1897.18,0.000,0.000,0.000,0.000,0.000,0.000,0.000,0.000,0.000,0.000,0.000,0.000,0.000,0.000,0.000,0.000,0.000,0.000,0.000,0.000,0.000,0.000,0.000,0.000,0.000,0.000,0.000,0.000,3.700,9.98,0.00,0.00,0.00,52,2,0.000000,0.000000,0,0
04/06/2026 23:42:50,30.90,30.24,58.60,101133.00,21.23,3.00,0.00,69.37,0.00,736.02,1343.92,625.64,755.52,748.15,1891.93,1886.31,1900.06,1897.43,0.000,0.000,0.000,0.000,0.000,0.000,0.000,0.000,0.000,0.000,0.000,0.000,0.000,0.000,0.000,0.000,0.000,0.000,0.000,0.000,0.000,0.000,0.000,0.000,0.000,0.000,0.000,0.000,3.700,9.98,0.00,0.00,0.00,52,2,0.000000,0.000000,0,0
04/06/2026 23:43:00,30.90,30.23,58.60,101133.00,21.22,3.00,0.00,58.43,0.00,735.15,1340.54,625.27,755.15,747.52,1891.93,1886.43,1900.18,1897.68,0.000,0.000,0.000,0.000,0.000,0.000,0.000,0.000,0.000,0.000,0.000,0.000,0.000,0.000,0.000,0.000,0.000,0.000,0.000,0.000,0.000,0.000,0.000,0.000,0.000,0.000,0.000,0.000,3.700,9.98,0.00,0.00,0.00,52,2,0.000000,0.000000,0,0
04/06/2026 23:43:10,30.90,30.22,58.63,101136.00,21.22,3.00,0.00,64.12,0.00,735.77,1337.54,625.27,756.77,749.77,1891.93,1886.93,1900.06,1897.18,0.000,0.000,0.000,0.000,0.000,0.000,0.000,0.000,0.000,0.000,0.000,0.000,0.000,0.000,0.000,0.000,0.000,0.000,0.000,0.000,0.000,0.000,0.000,0.000,0.000,0.000,0.000,0.000,3.700,9.98,0.00,0.00,0.00,52,2,0.000000,0.000000,0,0
04/06/2026 23:43:20,30.90,30.22,58.69,101124.00,21.23,3.00,0.00,70.91,0.00,733.15,1334.92,626.27,755.15,748.02,1891.93,1886.68,1900.06,1897.81,0.000,0.000,0.000,0.000,0.000,0.000,0.000,0.000,0.000,0.000,0.000,0.000,0.000,0.000,0.000,0.000,0.000,0.000,0.000,0.000,0.000,0.000,0.000,0.000,0.000,0.000,0.000,0.000,3.700,9.98,0.00,0.00,0.00,52,2,0.000000,0.000000,0,0
04/06/2026 23:43:30,30.90,30.20,58.69,101130.00,21.21,3.00,0.00,60.18,0.00,734.40,1332.79,627.39,755.02,747.15,1892.18,1886.93,1900.18,1897.93,0.000,0.000,0.000,0.000,0.000,0.000,0.000,0.000,0.000,0.000,0.000,0.000,0.000,0.000,0.000,0.000,0.000,0.000,0.000,0.000,0.000,0.000,0.000,0.000,0.000,0.000,0.000,0.000,3.700,9.98,0.00,0.00,0.00,52,2,0.000000,0.000000,0,0
04/06/2026 23:43:40,30.90,30.20,58.72,101127.00,21.22,3.00,0.00,58.87,0.00,731.65,1329.67,628.27,756.65,749.65,1892.06,1886.43,1900.18,1897.56,0.000,0.000,0.000,0.000,0.000,0.000,0.000,0.000,0.000,0.000,0.000,0.000,0.000,0.000,0.000,0.000,0.000,0.000,0.000,0.000,0.000,0.000,0.000,0.000,0.000,0.000,0.000,0.000,3.700,9.98,0.00,0.00,0.00,52,2,0.000000,0.000000,0,0
04/06/2026 23:43:50,30.90,30.20,58.75,101130.00,21.23,3.00,0.00,59.31,0.00,733.27,1326.79,626.52,755.15,747.52,1892.06,1886.68,1899.93,1897.93,0.000,0.000,0.000,0.000,0.000,0.000,0.000,0.000,0.000,0.000,0.000,0.000,0.000,0.000,0.000,0.000,0.000,0.000,0.000,0.000,0.000,0.000,0.000,0.000,0.000,0.000,0.000,0.000,3.700,9.98,0.00,0.00,0.00,52,2,0.000000,0.000000,0,0
04/06/2026 23:44:00,30.80,30.20,58.78,101121.00,21.24,3.00,0.00,59.53,0.00,734.02,1324.17,627.52,755.15,747.27,1891.93,1886.43,1899.81,1897.43,0.000,0.000,0.000,0.000,0.000,0.000,0.000,0.000,0.000,0.000,0.000,0.000,0.000,0.000,0.000,0.000,0.000,0.000,0.000,0.000,0.000,0.000,0.000,0.000,0.000,0.000,0.000,0.000,3.700,9.98,0.00,0.00,0.00,52,2,0.000000,0.000000,0,0
04/06/2026 23:44:10,30.80,30.19,58.78,101133.00,21.23,3.00,0.00,60.84,0.00,732.52,1322.04,626.89,756.52,749.02,1892.06,1886.93,1900.06,1897.18,0.000,0.000,0.000,0.000,0.000,0.000,0.000,0.000,0.000,0.000,0.000,0.000,0.000,0.000,0.000,0.000,0.000,0.000,0.000,0.000,0.000,0.000,0.000,0.000,0.000,0.000,0.000,0.000,3.700,9.98,0.00,0.00,0.00,52,2,0.000000,0.000000,0,0
04/06/2026 23:44:20,30.80,30.19,58.84,101127.00,21.25,3.00,0.00,62.15,0.00,733.27,1318.29,625.77,755.40,747.77,1892.06,1887.06,1900.18,1897.93,0.000,0.000,0.000,0.000,0.000,0.000,0.000,0.000,0.000,0.000,0.000,0.000,0.000,0.000,0.000,0.000,0.000,0.000,0.000,0.000,0.000,0.000,0.000,0.000,0.000,0.000,0.000,0.000,3.700,9.98,0.00,0.00,0.00,52,2,0.000000,0.000000,0,0
04/06/2026 23:44:30,30.80,30.18,58.87,101130.00,21.24,3.00,0.00,61.06,0.00,730.65,1315.67,625.52,754.52,746.65,1891.93,1886.68,1899.81,1897.31,0.000,0.000,0.000,0.000,0.000,0.000,0.000,0.000,0.000,0.000,0.000,0.000,0.000,0.000,0.000,0.000,0.000,0.000,0.000,0.000,0.000,0.000,0.000,0.000,0.000,0.000,0.000,0.000,3.700,9.98,0.00,0.00,0.00,52,2,0.000000,0.000000,0,0
04/06/2026 23:44:40,30.80,30.18,58.90,101136.00,21.25,3.00,0.00,62.15,0.00,731.77,1313.29,626.27,756.65,748.90,1891.68,1886.56,1899.56,1897.43,0.000,0.000,0.000,0.000,0.000,0.000,0.000,0.000,0.000,0.000,0.000,0.000,0.000,0.000,0.000,0.000,0.000,0.000,0.000,0.000,0.000,0.000,0.000,0.000,0.000,0.000,0.000,0.000,3.700,9.98,0.00,0.00,0.00,52,2,0.000000,0.000000,0,0
04/06/2026 23:44:50,30.80,30.18,58.93,101142.00,21.26,3.00,0.00,65.43,0.00,730.77,1311.04,628.14,755.65,748.02,1891.81,1886.56,1899.56,1897.31,0.000,0.000,0.000,0.000,0.000,0.000,0.000,0.000,0.000,0.000,0.000,0.000,0.000,0.000,0.000,0.000,0.000,0.000,0.000,0.000,0.000,0.000,0.000,0.000,0.000,0.000,0.000,0.000,3.700,9.98,0.00,0.00,0.00,52,2,0.000000,0.000000,0,0
04/06/2026 23:45:00,30.80,30.17,58.99,101136.00,21.27,3.00,0.00,66.53,0.00,729.65,1309.16,627.27,754.52,747.15,1891.81,1886.06,1899.81,1897.56,0.000,0.000,0.000,0.000,0.000,0.000,0.000,0.000,0.000,0.000,0.000,0.000,0.000,0.000,0.000,0.000,0.000,0.000,0.000,0.000,0.000,0.000,0.000,0.000,0.000,0.000,0.000,0.000,3.700,9.98,0.00,0.00,0.00,52,2,0.000000,0.000000,0,0
04/06/2026 23:45:10,30.80,30.17,58.99,101145.00,21.27,3.00,0.00,63.25,0.00,732.77,1306.16,626.64,757.15,749.40,1892.06,1886.81,1899.81,1897.43,0.000,0.000,0.000,0.000,0.000,0.000,0.000,0.000,0.000,0.000,0.000,0.000,0.000,0.000,0.000,0.000,0.000,0.000,0.000,0.000,0.000,0.000,0.000,0.000,0.000,0.000,0.000,0.000,3.700,9.98,0.00,0.00,0.00,52,2,0.000000,0.000000,0,0
04/06/2026 23:45:20,30.80,30.17,58.90,101121.00,21.24,3.00,0.00,62.15,0.00,733.15,1304.54,628.14,756.02,747.77,1891.68,1887.06,1900.18,1897.68,0.000,0.000,0.000,0.000,0.000,0.000,0.000,0.000,0.000,0.000,0.000,0.000,0.000,0.000,0.000,0.000,0.000,0.000,0.000,0.000,0.000,0.000,0.000,0.000,0.000,0.000,0.000,0.000,3.700,9.98,0.00,0.00,0.00,51,2,0.000000,0.000000,0,0
04/06/2026 23:45:30,30.80,30.16,58.87,101121.00,21.22,3.00,0.00,60.84,0.00,733.77,1301.41,627.77,747.77,739.40,1891.43,1886.81,1900.31,1897.68,0.000,0.000,0.000,0.000,0.000,0.000,0.000,0.000,0.000,0.000,0.000,0.000,0.000,0.000,0.000,0.000,0.000,0.000,0.000,0.000,0.000,0.000,0.000,0.000,0.000,0.000,0.000,0.000,3.700,9.98,0.00,0.00,0.00,51,2,0.000000,0.000000,0,0
04/06/2026 23:45:40,30.80,30.16,58.87,101130.00,21.22,3.00,0.00,65.65,0.00,734.02,1299.16,628.02,759.52,751.65,1891.81,1886.93,1900.06,1897.81,0.000,0.000,0.000,0.000,0.000,0.000,0.000,0.000,0.000,0.000,0.000,0.000,0.000,0.000,0.000,0.000,0.000,0.000,0.000,0.000,0.000,0.000,0.000,0.000,0.000,0.000,0.000,0.000,3.700,9.98,0.00,0.00,0.00,52,2,0.000000,0.000000,0,0
04/06/2026 23:45:50,30.80,30.16,58.90,101136.00,21.23,3.00,0.00,63.68,0.00,734.77,1296.04,626.52,758.77,751.52,1892.06,1886.43,1899.93,1897.81,0.000,0.000,0.000,0.000,0.000,0.000,0.000,0.000,0.000,0.000,0.000,0.000,0.000,0.000,0.000,0.000,0.000,0.000,0.000,0.000,0.000,0.000,0.000,0.000,0.000,0.000,0.000,0.000,3.700,9.98,0.00,0.00,0.00,51,2,0.000000,0.000000,0,0
04/06/2026 23:46:00,30.80,30.16,58.96,101130.00,21.25,3.00,0.00,62.81,0.00,735.77,1293.54,625.77,754.02,746.27,1891.93,1886.81,1899.81,1897.56,0.000,0.000,0.000,0.000,0.000,0.000,0.000,0.000,0.000,0.000,0.000,0.000,0.000,0.000,0.000,0.000,0.000,0.000,0.000,0.000,0.000,0.000,0.000,0.000,0.000,0.000,0.000,0.000,3.700,9.98,0.00,0.00,0.00,52,2,0.000000,0.000000,0,0
04/06/2026 23:46:10,30.80,30.16,58.96,101133.00,21.25,3.00,0.00,70.91,0.00,733.90,1290.54,625.14,756.40,748.77,1892.31,1886.93,1900.43,1897.81,0.000,0.000,0.000,0.000,0.000,0.000,0.000,0.000,0.000,0.000,0.000,0.000,0.000,0.000,0.000,0.000,0.000,0.000,0.000,0.000,0.000,0.000,0.000,0.000,0.000,0.000,0.000,0.000,3.700,9.98,0.00,0.00,0.00,52,2,0.000000,0.000000,0,0
04/06/2026 23:46:20,30.80,30.14,58.96,101148.00,21.23,3.00,0.00,59.09,0.00,734.77,1288.04,628.02,755.40,747.52,1892.18,1886.68,1900.06,1897.68,0.000,0.000,0.000,0.000,0.000,0.000,0.000,0.000,0.000,0.000,0.000,0.000,0.000,0.000,0.000,0.000,0.000,0.000,0.000,0.000,0.000,0.000,0.000,0.000,0.000,0.000,0.000,0.000,3.700,9.98,0.00,0.00,0.00,52,2,0.000000,0.000000,0,0
04/06/2026 23:46:30,30.80,30.14,58.93,101142.00,21.22,3.00,0.00,70.25,0.00,735.52,1285.41,628.14,754.02,745.90,1891.93,1886.68,1899.93,1897.68,0.000,0.000,0.000,0.000,0.000,0.000,0.000,0.000,0.000,0.000,0.000,0.000,0.000,0.000,0.000,0.000,0.000,0.000,0.000,0.000,0.000,0.000,0.000,0.000,0.000,0.000,0.000,0.000,3.700,9.98,0.00,0.00,0.00,52,2,0.000000,0.000000,0,0
04/06/2026 23:46:40,30.80,30.12,58.87,101133.00,21.19,3.00,0.00,64.56,0.00,735.65,1282.16,627.14,756.65,749.15,1891.56,1886.56,1900.06,1897.56,0.000,0.000,0.000,0.000,0.000,0.000,0.000,0.000,0.000,0.000,0.000,0.000,0.000,0.000,0.000,0.000,0.000,0.000,0.000,0.000,0.000,0.000,0.000,0.000,0.000,0.000,0.000,0.000,3.700,9.98,0.00,0.00,0.00,52,2,0.000000,0.000000,0,0
04/06/2026 23:46:50,30.80,30.12,58.84,101133.00,21.18,3.00,0.00,58.43,0.00,735.90,1278.91,626.14,755.65,747.65,1891.81,1887.06,1900.06,1897.81,0.000,0.000,0.000,0.000,0.000,0.000,0.000,0.000,0.000,0.000,0.000,0.000,0.000,0.000,0.000,0.000,0.000,0.000,0.000,0.000,0.000,0.000,0.000,0.000,0.000,0.000,0.000,0.000,3.700,9.98,0.00,0.00,0.00,52,2,0.000000,0.000000,0,0
04/06/2026 23:47:00,30.80,30.12,58.87,101127.00,21.19,3.00,0.00,69.59,0.00,736.65,1276.66,628.27,753.40,745.52,1892.06,1887.56,1899.81,1897.56,0.000,0.000,0.000,0.000,0.000,0.000,0.000,0.000,0.000,0.000,0.000,0.000,0.000,0.000,0.000,0.000,0.000,0.000,0.000,0.000,0.000,0.000,0.000,0.000,0.000,0.000,0.000,0.000,3.700,9.98,0.00,0.00,0.00,52,2,0.000000,0.000000,0,0
04/06/2026 23:47:10,30.80,30.11,58.90,101133.00,21.19,3.00,0.00,70.91,0.00,736.15,1273.54,628.64,756.02,748.02,1891.68,1886.68,1900.06,1897.31,0.000,0.000,0.000,0.000,0.000,0.000,0.000,0.000,0.000,0.000,0.000,0.000,0.000,0.000,0.000,0.000,0.000,0.000,0.000,0.000,0.000,0.000,0.000,0.000,0.000,0.000,0.000,0.000,3.700,9.98,0.00,0.00,0.00,52,2,0.000000,0.000000,0,0
04/06/2026 23:47:20,30.80,30.11,58.93,101139.00,21.20,3.00,0.00,69.59,0.00,734.77,1269.91,625.52,755.27,747.90,1891.56,1886.68,1899.81,1896.93,0.000,0.000,0.000,0.000,0.000,0.000,0.000,0.000,0.000,0.000,0.000,0.000,0.000,0.000,0.000,0.000,0.000,0.000,0.000,0.000,0.000,0.000,0.000,0.000,0.000,0.000,0.000,0.000,3.700,9.98,0.00,0.00,0.00,52,2,0.000000,0.000000,0,0
04/06/2026 23:47:30,30.80,30.10,58.93,101127.00,21.19,3.00,0.00,64.12,0.00,735.52,1267.41,626.02,753.65,746.27,1892.06,1887.06,1899.93,1897.81,0.000,0.000,0.000,0.000,0.000,0.000,0.000,0.000,0.000,0.000,0.000,0.000,0.000,0.000,0.000,0.000,0.000,0.000,0.000,0.000,0.000,0.000,0.000,0.000,0.000,0.000,0.000,0.000,3.700,9.98,0.00,0.00,0.00,52,2,0.000000,0.000000,0,0
04/06/2026 23:47:40,30.80,30.10,58.87,101133.00,21.17,3.00,0.00,66.75,0.00,735.02,1265.66,627.14,755.52,747.52,1891.93,1886.81,1900.31,1898.06,0.000,0.000,0.000,0.000,0.000,0.000,0.000,0.000,0.000,0.000,0.000,0.000,0.000,0.000,0.000,0.000,0.000,0.000,0.000,0.000,0.000,0.000,0.000,0.000,0.000,0.000,0.000,0.000,3.700,9.98,0.00,0.00,0.00,52,2,0.000000,0.000000,0,0
04/06/2026 23:47:50,30.80,30.09,58.87,101139.00,21.16,3.00,0.00,67.84,0.00,731.15,1262.66,628.89,755.15,747.02,1892.06,1886.68,1900.31,1897.81,0.000,0.000,0.000,0.000,0.000,0.000,0.000,0.000,0.000,0.000,0.000,0.000,0.000,0.000,0.000,0.000,0.000,0.000,0.000,0.000,0.000,0.000,0.000,0.000,0.000,0.000,0.000,0.000,3.700,9.98,0.00,0.00,0.00,52,2,0.000000,0.000000,0,0
04/06/2026 23:48:00,30.80,30.08,58.90,101142.00,21.16,3.00,0.00,65.65,0.00,732.15,1259.16,628.14,754.02,746.27,1891.81,1886.68,1900.06,1897.31,0.000,0.000,0.000,0.000,0.000,0.000,0.000,0.000,0.000,0.000,0.000,0.000,0.000,0.000,0.000,0.000,0.000,0.000,0.000,0.000,0.000,0.000,0.000,0.000,0.000,0.000,0.000,0.000,3.700,9.98,0.00,0.00,0.00,52,2,0.000000,0.000000,0,0
04/06/2026 23:48:10,30.80,30.08,58.93,101133.00,21.17,3.00,0.00,68.94,0.00,731.77,1256.66,626.27,753.77,746.15,1891.93,1886.06,1900.06,1897.31,0.000,0.000,0.000,0.000,0.000,0.000,0.000,0.000,0.000,0.000,0.000,0.000,0.000,0.000,0.000,0.000,0.000,0.000,0.000,0.000,0.000,0.000,0.000,0.000,0.000,0.000,0.000,0.000,3.700,9.98,0.00,0.00,0.00,52,2,0.000000,0.000000,0,0
04/06/2026 23:48:20,30.80,30.07,58.96,101133.00,21.17,3.00,0.00,70.69,0.00,730.02,1253.41,627.02,755.27,748.02,1891.81,1886.93,1900.06,1897.43,0.000,0.000,0.000,0.000,0.000,0.000,0.000,0.000,0.000,0.000,0.000,0.000,0.000,0.000,0.000,0.000,0.000,0.000,0.000,0.000,0.000,0.000,0.000,0.000,0.000,0.000,0.000,0.000,3.700,9.98,0.00,0.00,0.00,52,2,0.000000,0.000000,0,0
04/06/2026 23:48:30,30.70,30.07,59.02,101136.00,21.18,3.00,0.00,70.69,0.00,732.27,1251.16,626.64,753.90,746.77,1892.06,1887.06,1900.06,1897.43,0.000,0.000,0.000,0.000,0.000,0.000,0.000,0.000,0.000,0.000,0.000,0.000,0.000,0.000,0.000,0.000,0.000,0.000,0.000,0.000,0.000,0.000,0.000,0.000,0.000,0.000,0.000,0.000,3.700,9.98,0.00,0.00,0.00,52,2,0.000000,0.000000,0,0
04/06/2026 23:48:40,30.80,30.07,59.08,101130.00,21.20,3.00,0.00,68.94,0.00,733.40,1249.04,628.14,752.40,745.27,1892.43,1887.06,1900.43,1897.43,0.000,0.000,0.000,0.000,0.000,0.000,0.000,0.000,0.000,0.000,0.000,0.000,0.000,0.000,0.000,0.000,0.000,0.000,0.000,0.000,0.000,0.000,0.000,0.000,0.000,0.000,0.000,0.000,3.700,9.98,0.00,0.00,0.00,52,2,0.000000,0.000000,0,0
04/06/2026 23:48:50,30.70,30.06,59.10,101127.00,21.20,3.00,0.00,70.91,0.00,729.65,1247.04,628.77,754.90,747.77,1892.18,1886.81,1900.31,1897.68,0.000,0.000,0.000,0.000,0.000,0.000,0.000,0.000,0.000,0.000,0.000,0.000,0.000,0.000,0.000,0.000,0.000,0.000,0.000,0.000,0.000,0.000,0.000,0.000,0.000,0.000,0.000,0.000,3.700,9.98,0.00,0.00,0.00,52,2,0.000000,0.000000,0,0
04/06/2026 23:49:00,30.70,30.06,59.10,101142.00,21.20,3.00,0.00,59.53,0.00,734.27,1244.04,627.77,754.15,746.52,1892.06,1886.81,1900.18,1897.18,0.000,0.000,0.000,0.000,0.000,0.000,0.000,0.000,0.000,0.000,0.000,0.000,0.000,0.000,0.000,0.000,0.000,0.000,0.000,0.000,0.000,0.000,0.000,0.000,0.000,0.000,0.000,0.000,3.700,9.98,0.00,0.00,0.00,52,2,0.000000,0.000000,0,0
04/06/2026 23:49:10,30.70,30.06,59.13,101139.00,21.20,3.00,0.00,62.59,0.00,730.77,1241.16,627.02,752.27,744.90,1892.18,1886.81,1900.18,1896.81,0.000,0.000,0.000,0.000,0.000,0.000,0.000,0.000,0.000,0.000,0.000,0.000,0.000,0.000,0.000,0.000,0.000,0.000,0.000,0.000,0.000,0.000,0.000,0.000,0.000,0.000,0.000,0.000,3.700,9.98,0.00,0.00,0.00,52,2,0.000000,0.000000,0,0
04/06/2026 23:49:20,30.70,30.05,59.16,101148.00,21.20,3.00,0.00,66.97,0.00,733.65,1238.66,628.27,755.40,748.02,1892.18,1886.31,1900.31,1897.56,0.000,0.000,0.000,0.000,0.000,0.000,0.000,0.000,0.000,0.000,0.000,0.000,0.000,0.000,0.000,0.000,0.000,0.000,0.000,0.000,0.000,0.000,0.000,0.000,0.000,0.000,0.000,0.000,3.700,9.98,0.00,0.00,0.00,52,2,0.000000,0.000000,0,0
04/06/2026 23:49:30,30.70,30.05,59.16,101133.00,21.20,3.00,0.00,68.72,0.00,734.15,1236.41,628.14,751.40,744.02,1892.31,1886.68,1900.31,1897.68,0.000,0.000,0.000,0.000,0.000,0.000,0.000,0.000,0.000,0.000,0.000,0.000,0.000,0.000,0.000,0.000,0.000,0.000,0.000,0.000,0.000,0.000,0.000,0.000,0.000,0.000,0.000,0.000,3.700,9.98,0.00,0.00,0.00,51,2,0.000000,0.000000,0,0
04/06/2026 23:49:40,30.70,30.04,59.23,101139.00,21.21,3.00,0.00,70.25,0.00,733.27,1234.29,629.27,749.65,742.40,1892.18,1886.81,1900.56,1898.06,0.000,0.000,0.000,0.000,0.000,0.000,0.000,0.000,0.000,0.000,0.000,0.000,0.000,0.000,0.000,0.000,0.000,0.000,0.000,0.000,0.000,0.000,0.000,0.000,0.000,0.000,0.000,0.000,3.700,9.98,0.00,0.00,0.00,52,2,0.000000,0.000000,0,0
04/06/2026 23:49:50,30.70,30.04,59.23,101139.00,21.21,3.00,0.00,70.03,0.00,735.27,1232.16,628.77,759.02,751.65,1892.18,1886.93,1900.31,1897.43,0.000,0.000,0.000,0.000,0.000,0.000,0.000,0.000,0.000,0.000,0.000,0.000,0.000,0.000,0.000,0.000,0.000,0.000,0.000,0.000,0.000,0.000,0.000,0.000,0.000,0.000,0.000,0.000,3.700,9.98,0.00,0.00,0.00,52,2,0.000000,0.000000,0,0
04/06/2026 23:50:00,30.70,30.03,59.25,101139.00,21.21,3.00,0.00,59.74,0.00,736.40,1229.54,628.77,754.65,747.27,1892.18,1886.68,1900.06,1897.06,0.000,0.000,0.000,0.000,0.000,0.000,0.000,0.000,0.000,0.000,0.000,0.000,0.000,0.000,0.000,0.000,0.000,0.000,0.000,0.000,0.000,0.000,0.000,0.000,0.000,0.000,0.000,0.000,3.700,9.98,0.00,0.00,0.00,52,2,0.000000,0.000000,0,0
04/06/2026 23:50:10,30.70,30.03,59.31,101130.00,21.22,3.00,0.00,60.40,0.00,734.40,1226.91,627.02,752.77,745.15,1892.18,1886.81,1900.31,1897.31,0.000,0.000,0.000,0.000,0.000,0.000,0.000,0.000,0.000,0.000,0.000,0.000,0.000,0.000,0.000,0.000,0.000,0.000,0.000,0.000,0.000,0.000,0.000,0.000,0.000,0.000,0.000,0.000,3.700,9.98,0.00,0.00,0.00,52,2,0.000000,0.000000,0,0
04/06/2026 23:50:20,30.70,30.02,59.37,101139.00,21.23,3.00,0.00,58.65,0.00,736.40,1224.91,627.64,753.52,746.27,1891.93,1886.68,1900.18,1897.56,0.000,0.000,0.000,0.000,0.000,0.000,0.000,0.000,0.000,0.000,0.000,0.000,0.000,0.000,0.000,0.000,0.000,0.000,0.000,0.000,0.000,0.000,0.000,0.000,0.000,0.000,0.000,0.000,3.700,9.98,0.00,0.00,0.00,50,2,0.000000,0.000000,0,0
04/06/2026 23:50:30,30.70,30.02,59.43,101145.00,21.25,3.00,0.00,58.43,0.00,738.65,1222.79,626.64,747.15,738.90,1892.18,1886.68,1900.18,1897.81,0.000,0.000,0.000,0.000,0.000,0.000,0.000,0.000,0.000,0.000,0.000,0.000,0.000,0.000,0.000,0.000,0.000,0.000,0.000,0.000,0.000,0.000,0.000,0.000,0.000,0.000,0.000,0.000,3.700,9.98,0.00,0.00,0.00,51,2,0.000000,0.000000,0,0
04/06/2026 23:50:40,30.70,30.02,59.43,101124.00,21.25,3.00,0.00,59.53,0.00,736.90,1221.54,628.27,757.15,749.90,1892.18,1886.68,1900.31,1897.93,0.000,0.000,0.000,0.000,0.000,0.000,0.000,0.000,0.000,0.000,0.000,0.000,0.000,0.000,0.000,0.000,0.000,0.000,0.000,0.000,0.000,0.000,0.000,0.000,0.000,0.000,0.000,0.000,3.700,9.98,0.00,0.00,0.00,52,2,0.000000,0.000000,0,0
04/06/2026 23:50:50,30.70,30.01,59.43,101151.00,21.24,3.00,0.00,63.25,0.00,736.77,1217.79,628.52,756.77,749.40,1892.31,1887.06,1900.06,1897.68,0.000,0.000,0.000,0.000,0.000,0.000,0.000,0.000,0.000,0.000,0.000,0.000,0.000,0.000,0.000,0.000,0.000,0.000,0.000,0.000,0.000,0.000,0.000,0.000,0.000,0.000,0.000,0.000,3.700,9.98,0.00,0.00,0.00,52,2,0.000000,0.000000,0,0
04/06/2026 23:51:00,30.70,30.01,59.43,101151.00,21.24,3.00,0.00,68.28,0.00,737.65,1216.41,628.64,754.40,746.77,1892.31,1886.93,1899.81,1897.43,0.000,0.000,0.000,0.000,0.000,0.000,0.000,0.000,0.000,0.000,0.000,0.000,0.000,0.000,0.000,0.000,0.000,0.000,0.000,0.000,0.000,0.000,0.000,0.000,0.000,0.000,0.000,0.000,3.700,9.98,0.00,0.00,0.00,51,2,0.000000,0.000000,0,0
04/06/2026 23:51:10,30.70,30.00,59.48,101136.00,21.24,3.00,0.00,65.22,0.00,735.90,1214.16,628.52,752.65,744.90,1892.06,1886.68,1899.68,1897.06,0.000,0.000,0.000,0.000,0.000,0.000,0.000,0.000,0.000,0.000,0.000,0.000,0.000,0.000,0.000,0.000,0.000,0.000,0.000,0.000,0.000,0.000,0.000,0.000,0.000,0.000,0.000,0.000,3.700,9.98,0.00,0.00,0.00,52,2,0.000000,0.000000,0,0
04/06/2026 23:51:20,30.70,29.99,59.48,101142.00,21.23,3.00,0.00,64.56,0.00,736.02,1211.79,628.89,754.52,747.02,1892.06,1886.56,1900.06,1897.43,0.000,0.000,0.000,0.000,0.000,0.000,0.000,0.000,0.000,0.000,0.000,0.000,0.000,0.000,0.000,0.000,0.000,0.000,0.000,0.000,0.000,0.000,0.000,0.000,0.000,0.000,0.000,0.000,3.700,9.98,0.00,0.00,0.00,52,2,0.000000,0.000000,0,0
04/06/2026 23:51:30,30.70,29.97,59.52,101145.00,21.23,3.00,0.00,58.43,0.00,736.52,1209.79,628.14,753.77,746.27,1892.43,1886.68,1899.81,1897.18,0.000,0.000,0.000,0.000,0.000,0.000,0.000,0.000,0.000,0.000,0.000,0.000,0.000,0.000,0.000,0.000,0.000,0.000,0.000,0.000,0.000,0.000,0.000,0.000,0.000,0.000,0.000,0.000,3.700,9.98,0.00,0.00,0.00,51,2,0.000000,0.000000,0,0
04/06/2026 23:51:40,30.70,29.97,59.55,101136.00,21.24,3.00,0.00,59.09,0.00,736.02,1208.16,628.02,752.65,745.02,1892.18,1886.93,1900.06,1896.68,0.000,0.000,0.000,0.000,0.000,0.000,0.000,0.000,0.000,0.000,0.000,0.000,0.000,0.000,0.000,0.000,0.000,0.000,0.000,0.000,0.000,0.000,0.000,0.000,0.000,0.000,0.000,0.000,3.700,9.98,0.00,0.00,0.00,52,2,0.000000,0.000000,0,0
04/06/2026 23:51:50,30.60,29.96,59.58,101145.00,21.24,3.00,0.00,58.65,0.00,734.40,1204.91,627.77,753.52,745.77,1892.06,1886.56,1900.06,1897.06,0.000,0.000,0.000,0.000,0.000,0.000,0.000,0.000,0.000,0.000,0.000,0.000,0.000,0.000,0.000,0.000,0.000,0.000,0.000,0.000,0.000,0.000,0.000,0.000,0.000,0.000,0.000,0.000,3.700,9.98,0.00,0.00,0.00,52,2,0.000000,0.000000,0,0
04/06/2026 23:52:00,30.70,29.96,59.64,101142.00,21.25,3.00,0.00,59.09,0.00,732.77,1202.16,627.89,753.40,746.15,1892.31,1887.18,1900.18,1896.81,0.000,0.000,0.000,0.000,0.000,0.000,0.000,0.000,0.000,0.000,0.000,0.000,0.000,0.000,0.000,0.000,0.000,0.000,0.000,0.000,0.000,0.000,0.000,0.000,0.000,0.000,0.000,0.000,3.700,9.98,0.00,0.00,0.00,52,2,0.000000,0.000000,0,0
04/06/2026 23:52:10,30.70,29.96,59.66,101147.00,21.26,3.00,0.00,70.69,0.00,733.27,1199.91,628.14,752.52,745.40,1892.31,1887.18,1899.93,1897.06,0.000,0.000,0.000,0.000,0.000,0.000,0.000,0.000,0.000,0.000,0.000,0.000,0.000,0.000,0.000,0.000,0.000,0.000,0.000,0.000,0.000,0.000,0.000,0.000,0.000,0.000,0.000,0.000,3.700,9.98,0.00,0.00,0.00,52,2,0.000000,0.000000,0,0
04/06/2026 23:52:20,30.60,29.95,59.64,101141.00,21.24,3.00,0.00,69.81,0.00,732.65,1198.66,627.64,752.65,744.90,1891.93,1886.31,1900.18,1897.31,0.000,0.000,0.000,0.000,0.000,0.000,0.000,0.000,0.000,0.000,0.000,0.000,0.000,0.000,0.000,0.000,0.000,0.000,0.000,0.000,0.000,0.000,0.000,0.000,0.000,0.000,0.000,0.000,3.700,9.98,0.00,0.00,0.00,52,2,0.000000,0.000000,0,0
04/06/2026 23:52:30,30.60,29.95,59.61,101133.00,21.23,3.00,0.00,66.53,0.00,732.15,1195.91,628.14,754.15,746.27,1892.43,1886.68,1900.18,1897.06,0.000,0.000,0.000,0.000,0.000,0.000,0.000,0.000,0.000,0.000,0.000,0.000,0.000,0.000,0.000,0.000,0.000,0.000,0.000,0.000,0.000,0.000,0.000,0.000,0.000,0.000,0.000,0.000,3.700,9.98,0.00,0.00,0.00,52,2,0.000000,0.000000,0,0
04/06/2026 23:52:40,30.60,29.94,59.64,101138.00,21.23,3.00,0.00,62.37,0.00,730.77,1192.79,627.89,753.02,745.40,1893.18,1887.18,1900.56,1897.68,0.000,0.000,0.000,0.000,0.000,0.000,0.000,0.000,0.000,0.000,0.000,0.000,0.000,0.000,0.000,0.000,0.000,0.000,0.000,0.000,0.000,0.000,0.000,0.000,0.000,0.000,0.000,0.000,3.700,9.98,0.00,0.00,0.00,52,2,0.000000,0.000000,0,0
04/06/2026 23:52:50,30.60,29.93,59.66,101138.00,21.23,3.00,0.00,59.96,0.00,733.65,1190.16,627.64,752.02,744.90,1892.93,1887.43,1900.18,1897.56,0.000,0.000,0.000,0.000,0.000,0.000,0.000,0.000,0.000,0.000,0.000,0.000,0.000,0.000,0.000,0.000,0.000,0.000,0.000,0.000,0.000,0.000,0.000,0.000,0.000,0.000,0.000,0.000,3.700,9.98,0.00,0.00,0.00,51,2,0.000000,0.000000,0,0
04/06/2026 23:53:00,30.60,29.92,59.66,101138.00,21.22,3.00,0.00,60.18,0.00,733.65,1189.54,629.02,754.15,746.02,1892.31,1887.18,1900.06,1897.31,0.000,0.000,0.000,0.000,0.000,0.000,0.000,0.000,0.000,0.000,0.000,0.000,0.000,0.000,0.000,0.000,0.000,0.000,0.000,0.000,0.000,0.000,0.000,0.000,0.000,0.000,0.000,0.000,3.700,9.98,0.00,0.00,0.00,52,2,0.000000,0.000000,0,0
04/06/2026 23:53:10,30.60,29.92,59.69,101136.00,21.23,3.00,0.00,67.19,0.00,734.40,1186.66,628.52,753.27,745.65,1892.06,1886.68,1900.18,1897.43,0.000,0.000,0.000,0.000,0.000,0.000,0.000,0.000,0.000,0.000,0.000,0.000,0.000,0.000,0.000,0.000,0.000,0.000,0.000,0.000,0.000,0.000,0.000,0.000,0.000,0.000,0.000,0.000,3.700,9.98,0.00,0.00,0.00,52,2,0.000000,0.000000,0,0
04/06/2026 23:53:20,30.60,29.91,59.75,101138.00,21.23,3.00,0.00,69.37,0.00,734.90,1184.79,628.77,751.27,743.40,1891.93,1886.18,1900.31,1897.31,0.000,0.000,0.000,0.000,0.000,0.000,0.000,0.000,0.000,0.000,0.000,0.000,0.000,0.000,0.000,0.000,0.000,0.000,0.000,0.000,0.000,0.000,0.000,0.000,0.000,0.000,0.000,0.000,3.700,9.98,0.00,0.00,0.00,52,2,0.000000,0.000000,0,0
04/06/2026 23:53:30,30.60,29.91,59.75,101138.00,21.23,3.00,0.00,63.90,0.00,737.77,1182.29,629.52,753.77,746.52,1891.93,1886.18,1900.06,1897.18,0.000,0.000,0.000,0.000,0.000,0.000,0.000,0.000,0.000,0.000,0.000,0.000,0.000,0.000,0.000,0.000,0.000,0.000,0.000,0.000,0.000,0.000,0.000,0.000,0.000,0.000,0.000,0.000,3.700,9.98,0.00,0.00,0.00,52,2,0.000000,0.000000,0,0
04/06/2026 23:53:40,30.60,29.90,59.78,101138.00,21.23,3.00,0.00,60.40,0.00,734.77,1180.41,629.64,752.65,745.52,1892.43,1886.93,1900.18,1897.56,0.000,0.000,0.000,0.000,0.000,0.000,0.000,0.000,0.000,0.000,0.000,0.000,0.000,0.000,0.000,0.000,0.000,0.000,0.000,0.000,0.000,0.000,0.000,0.000,0.000,0.000,0.000,0.000,3.700,9.98,0.00,0.00,0.00,52,2,0.000000,0.000000,0,0
04/06/2026 23:53:50,30.60,29.90,59.81,101141.00,21.24,3.00,0.00,60.40,0.00,735.27,1178.41,629.64,751.02,743.40,1892.31,1886.68,1900.31,1897.68,0.000,0.000,0.000,0.000,0.000,0.000,0.000,0.000,0.000,0.000,0.000,0.000,0.000,0.000,0.000,0.000,0.000,0.000,0.000,0.000,0.000,0.000,0.000,0.000,0.000,0.000,0.000,0.000,3.700,9.98,0.00,0.00,0.00,52,2,0.000000,0.000000,0,0
04/06/2026 23:54:00,30.60,29.90,59.78,101141.00,21.23,3.00,0.00,59.09,0.00,737.15,1175.41,630.14,754.15,746.52,1892.68,1887.18,1900.18,1897.43,0.000,0.000,0.000,0.000,0.000,0.000,0.000,0.000,0.000,0.000,0.000,0.000,0.000,0.000,0.000,0.000,0.000,0.000,0.000,0.000,0.000,0.000,0.000,0.000,0.000,0.000,0.000,0.000,3.700,9.98,0.00,0.00,0.00,51,2,0.000000,0.000000,0,0
04/06/2026 23:54:10,30.60,29.90,59.78,101132.00,21.23,3.00,0.00,65.65,0.00,736.02,1172.79,628.77,753.02,744.77,1892.31,1886.93,1900.06,1897.56,0.000,0.000,0.000,0.000,0.000,0.000,0.000,0.000,0.000,0.000,0.000,0.000,0.000,0.000,0.000,0.000,0.000,0.000,0.000,0.000,0.000,0.000,0.000,0.000,0.000,0.000,0.000,0.000,3.700,9.98,0.00,0.00,0.00,52,2,0.000000,0.000000,0,0
04/06/2026 23:54:20,30.60,29.89,59.81,101138.00,21.23,3.00,0.00,61.28,0.00,738.02,1170.79,630.02,751.02,743.52,1891.93,1886.81,1900.18,1897.56,0.000,0.000,0.000,0.000,0.000,0.000,0.000,0.000,0.000,0.000,0.000,0.000,0.000,0.000,0.000,0.000,0.000,0.000,0.000,0.000,0.000,0.000,0.000,0.000,0.000,0.000,0.000,0.000,3.700,9.98,0.00,0.00,0.00,51,2,0.000000,0.000000,0,0
04/06/2026 23:54:30,30.60,29.89,59.87,101141.00,21.24,3.00,0.00,58.65,0.00,737.27,1168.41,629.14,753.90,746.65,1892.18,1887.06,1900.06,1897.43,0.000,0.000,0.000,0.000,0.000,0.000,0.000,0.000,0.000,0.000,0.000,0.000,0.000,0.000,0.000,0.000,0.000,0.000,0.000,0.000,0.000,0.000,0.000,0.000,0.000,0.000,0.000,0.000,3.700,9.98,0.00,0.00,0.00,52,2,0.000000,0.000000,0,0
04/06/2026 23:54:40,30.60,29.89,59.90,101144.00,21.25,3.00,0.00,59.96,0.00,738.02,1167.29,629.52,752.52,745.15,1892.31,1887.06,1900.06,1897.43,0.000,0.000,0.000,0.000,0.000,0.000,0.000,0.000,0.000,0.000,0.000,0.000,0.000,0.000,0.000,0.000,0.000,0.000,0.000,0.000,0.000,0.000,0.000,0.000,0.000,0.000,0.000,0.000,3.700,9.98,0.00,0.00,0.00,52,2,0.000000,0.000000,0,0
04/06/2026 23:54:50,30.60,29.88,59.93,101147.00,21.25,3.00,0.00,58.87,0.00,738.90,1165.66,629.52,750.90,743.40,1892.56,1887.18,1900.18,1898.06,0.000,0.000,0.000,0.000,0.000,0.000,0.000,0.000,0.000,0.000,0.000,0.000,0.000,0.000,0.000,0.000,0.000,0.000,0.000,0.000,0.000,0.000,0.000,0.000,0.000,0.000,0.000,0.000,3.700,9.98,0.00,0.00,0.00,52,2,0.000000,0.000000,0,0
04/06/2026 23:55:00,30.60,29.88,59.93,101147.00,21.25,3.00,0.00,63.90,0.00,737.90,1162.91,628.39,753.52,746.27,1892.43,1886.56,1900.06,1897.56,0.000,0.000,0.000,0.000,0.000,0.000,0.000,0.000,0.000,0.000,0.000,0.000,0.000,0.000,0.000,0.000,0.000,0.000,0.000,0.000,0.000,0.000,0.000,0.000,0.000,0.000,0.000,0.000,3.700,9.98,0.00,0.00,0.00,52,2,0.000000,0.000000,0,0
04/06/2026 23:55:10,30.60,29.88,59.96,101150.00,21.26,3.00,0.00,69.59,0.00,738.90,1160.91,628.52,752.65,745.02,1892.56,1887.43,1899.93,1897.43,0.000,0.000,0.000,0.000,0.000,0.000,0.000,0.000,0.000,0.000,0.000,0.000,0.000,0.000,0.000,0.000,0.000,0.000,0.000,0.000,0.000,0.000,0.000,0.000,0.000,0.000,0.000,0.000,3.700,9.98,0.00,0.00,0.00,52,2,0.000000,0.000000,0,0
04/06/2026 23:55:20,30.60,29.87,59.98,101150.00,21.26,3.00,0.00,58.65,0.00,738.90,1159.54,628.52,749.90,742.52,1892.43,1886.93,1900.18,1897.93,0.000,0.000,0.000,0.000,0.000,0.000,0.000,0.000,0.000,0.000,0.000,0.000,0.000,0.000,0.000,0.000,0.000,0.000,0.000,0.000,0.000,0.000,0.000,0.000,0.000,0.000,0.000,0.000,3.700,9.98,0.00,0.00,0.00,52,2,0.000000,0.000000,0,0
04/06/2026 23:55:30,30.60,29.87,60.04,101147.00,21.27,3.00,0.00,61.71,0.00,737.90,1158.54,629.27,747.02,739.02,1892.43,1886.68,1900.56,1897.93,0.000,0.000,0.000,0.000,0.000,0.000,0.000,0.000,0.000,0.000,0.000,0.000,0.000,0.000,0.000,0.000,0.000,0.000,0.000,0.000,0.000,0.000,0.000,0.000,0.000,0.000,0.000,0.000,3.700,9.98,0.00,0.00,0.00,52,2,0.000000,0.000000,0,0
04/06/2026 23:55:40,30.60,29.87,60.07,101141.00,21.28,3.00,0.00,70.47,0.00,738.02,1156.66,631.27,756.52,749.15,1892.43,1886.68,1900.56,1897.31,0.000,0.000,0.000,0.000,0.000,0.000,0.000,0.000,0.000,0.000,0.000,0.000,0.000,0.000,0.000,0.000,0.000,0.000,0.000,0.000,0.000,0.000,0.000,0.000,0.000,0.000,0.000,0.000,3.700,9.98,0.00,0.00,0.00,52,2,0.000000,0.000000,0,0
04/06/2026 23:55:50,30.60,29.87,60.10,101156.00,21.29,3.00,0.00,63.25,0.00,735.90,1155.04,629.52,753.90,746.27,1892.31,1886.81,1900.56,1897.81,0.000,0.000,0.000,0.000,0.000,0.000,0.000,0.000,0.000,0.000,0.000,0.000,0.000,0.000,0.000,0.000,0.000,0.000,0.000,0.000,0.000,0.000,0.000,0.000,0.000,0.000,0.000,0.000,3.700,9.98,0.00,0.00,0.00,52,2,0.000000,0.000000,0,0
04/06/2026 23:56:00,30.60,29.86,60.07,101153.00,21.27,3.00,0.00,58.65,0.00,735.15,1152.66,629.64,753.77,746.02,1892.43,1887.31,1900.43,1897.43,0.000,0.000,0.000,0.000,0.000,0.000,0.000,0.000,0.000,0.000,0.000,0.000,0.000,0.000,0.000,0.000,0.000,0.000,0.000,0.000,0.000,0.000,0.000,0.000,0.000,0.000,0.000,0.000,3.700,9.98,0.00,0.00,0.00,52,2,0.000000,0.000000,0,0
04/06/2026 23:56:10,30.60,29.86,59.98,101147.00,21.25,3.00,0.00,61.06,0.00,736.02,1150.79,629.77,752.90,745.02,1892.18,1886.93,1900.31,1897.43,0.000,0.000,0.000,0.000,0.000,0.000,0.000,0.000,0.000,0.000,0.000,0.000,0.000,0.000,0.000,0.000,0.000,0.000,0.000,0.000,0.000,0.000,0.000,0.000,0.000,0.000,0.000,0.000,3.700,9.98,0.00,0.00,0.00,52,2,0.000000,0.000000,0,0
04/06/2026 23:56:20,30.60,29.85,59.98,101141.00,21.24,3.00,0.00,59.74,0.00,731.65,1149.29,630.27,751.40,743.52,1892.18,1886.93,1900.18,1897.18,0.000,0.000,0.000,0.000,0.000,0.000,0.000,0.000,0.000,0.000,0.000,0.000,0.000,0.000,0.000,0.000,0.000,0.000,0.000,0.000,0.000,0.000,0.000,0.000,0.000,0.000,0.000,0.000,3.700,9.98,0.00,0.00,0.00,51,2,0.000000,0.000000,0,0
04/06/2026 23:56:30,30.60,29.85,59.90,101153.00,21.21,3.00,0.00,58.87,0.00,733.40,1146.78,629.52,753.52,745.02,1892.18,1886.68,1900.31,1897.43,0.000,0.000,0.000,0.000,0.000,0.000,0.000,0.000,0.000,0.000,0.000,0.000,0.000,0.000,0.000,0.000,0.000,0.000,0.000,0.000,0.000,0.000,0.000,0.000,0.000,0.000,0.000,0.000,3.700,9.98,0.00,0.00,0.00,52,2,0.000000,0.000000,0,0
04/06/2026 23:56:40,30.60,29.85,59.93,101159.00,21.22,3.00,0.00,67.40,0.00,733.27,1144.66,629.39,752.52,744.90,1892.06,1886.31,1900.31,1897.31,0.000,0.000,0.000,0.000,0.000,0.000,0.000,0.000,0.000,0.000,0.000,0.000,0.000,0.000,0.000,0.000,0.000,0.000,0.000,0.000,0.000,0.000,0.000,0.000,0.000,0.000,0.000,0.000,3.700,9.98,0.00,0.00,0.00,52,2,0.000000,0.000000,0,0
04/06/2026 23:56:50,30.60,29.85,59.93,101144.00,21.22,3.00,0.00,63.90,0.00,731.65,1142.78,630.39,750.90,743.27,1891.81,1886.18,1900.43,1897.18,0.000,0.000,0.000,0.000,0.000,0.000,0.000,0.000,0.000,0.000,0.000,0.000,0.000,0.000,0.000,0.000,0.000,0.000,0.000,0.000,0.000,0.000,0.000,0.000,0.000,0.000,0.000,0.000,3.700,9.98,0.00,0.00,0.00,52,2,0.000000,0.000000,0,0
04/06/2026 23:57:00,30.60,29.85,59.93,101144.00,21.22,3.00,0.00,61.50,0.00,734.90,1141.16,631.14,753.02,744.77,1892.06,1887.06,1900.43,1897.43,0.000,0.000,0.000,0.000,0.000,0.000,0.000,0.000,0.000,0.000,0.000,0.000,0.000,0.000,0.000,0.000,0.000,0.000,0.000,0.000,0.000,0.000,0.000,0.000,0.000,0.000,0.000,0.000,3.700,9.98,0.00,0.00,0.00,52,2,0.000000,0.000000,0,0
04/06/2026 23:57:10,30.60,29.85,59.93,101150.00,21.22,3.00,0.00,70.91,0.00,733.65,1139.03,631.02,752.27,744.27,1891.93,1886.93,1900.06,1897.56,0.000,0.000,0.000,0.000,0.000,0.000,0.000,0.000,0.000,0.000,0.000,0.000,0.000,0.000,0.000,0.000,0.000,0.000,0.000,0.000,0.000,0.000,0.000,0.000,0.000,0.000,0.000,0.000,3.700,9.98,0.00,0.00,0.00,52,2,0.000000,0.000000,0,0
04/06/2026 23:57:20,30.60,29.85,59.93,101132.00,21.22,3.00,0.00,58.87,0.00,734.65,1137.16,631.02,751.02,742.77,1891.93,1887.06,1900.18,1897.56,0.000,0.000,0.000,0.000,0.000,0.000,0.000,0.000,0.000,0.000,0.000,0.000,0.000,0.000,0.000,0.000,0.000,0.000,0.000,0.000,0.000,0.000,0.000,0.000,0.000,0.000,0.000,0.000,3.700,9.98,0.00,0.00,0.00,52,2,0.000000,0.000000,0,0
04/06/2026 23:57:30,30.60,29.84,59.90,101156.00,21.20,3.00,0.00,66.53,0.00,734.65,1134.66,630.27,753.02,745.02,1891.93,1886.68,1900.18,1897.81,0.000,0.000,0.000,0.000,0.000,0.000,0.000,0.000,0.000,0.000,0.000,0.000,0.000,0.000,0.000,0.000,0.000,0.000,0.000,0.000,0.000,0.000,0.000,0.000,0.000,0.000,0.000,0.000,3.700,9.98,0.00,0.00,0.00,52,2,0.000000,0.000000,0,0
04/06/2026 23:57:40,30.60,29.84,59.87,101138.00,21.19,49.00,0.00,68.28,0.00,733.27,1132.41,628.77,752.65,744.65,1891.56,1886.43,1900.06,1897.56,0.000,0.000,0.000,0.000,0.000,0.000,0.000,0.000,0.000,0.000,0.000,0.000,0.000,0.000,0.000,0.000,0.000,0.000,0.000,0.000,0.000,0.000,0.000,0.000,0.000,0.000,0.000,0.000,3.700,9.98,0.00,0.00,0.00,52,2,0.000000,0.000000,0,0
04/06/2026 23:57:50,30.60,29.82,59.87,101144.00,21.18,4.00,0.00,58.87,0.00,734.90,1129.78,629.77,751.27,743.27,1891.43,1886.31,1900.06,1898.18,0.000,0.000,0.000,0.000,0.000,0.000,0.000,0.000,0.000,0.000,0.000,0.000,0.000,0.000,0.000,0.000,0.000,0.000,0.000,0.000,0.000,0.000,0.000,0.000,0.000,0.000,0.000,0.000,3.700,9.98,0.00,0.00,0.00,52,2,0.000000,0.000000,0,0
04/06/2026 23:58:00,30.60,29.82,59.90,101153.00,21.19,3.00,0.00,65.22,0.00,735.15,1127.41,630.39,751.52,743.77,1892.06,1886.31,1900.18,1897.81,0.000,0.000,0.000,0.000,0.000,0.000,0.000,0.000,0.000,0.000,0.000,0.000,0.000,0.000,0.000,0.000,0.000,0.000,0.000,0.000,0.000,0.000,0.000,0.000,0.000,0.000,0.000,0.000,3.700,9.98,0.00,0.00,0.00,52,2,0.000000,0.000000,0,0
04/06/2026 23:58:10,30.60,29.82,59.90,101150.00,21.19,3.00,0.00,69.59,0.00,738.02,1124.66,629.77,752.27,744.52,1891.68,1886.43,1900.06,1896.81,0.000,0.000,0.000,0.000,0.000,0.000,0.000,0.000,0.000,0.000,0.000,0.000,0.000,0.000,0.000,0.000,0.000,0.000,0.000,0.000,0.000,0.000,0.000,0.000,0.000,0.000,0.000,0.000,3.700,9.98,0.00,0.00,0.00,51,2,0.000000,0.000000,0,0
04/06/2026 23:58:20,30.60,29.81,59.96,101153.00,21.20,3.00,0.00,70.69,0.00,738.02,1121.78,627.27,750.40,743.15,1891.81,1886.43,1900.31,1896.93,0.000,0.000,0.000,0.000,0.000,0.000,0.000,0.000,0.000,0.000,0.000,0.000,0.000,0.000,0.000,0.000,0.000,0.000,0.000,0.000,0.000,0.000,0.000,0.000,0.000,0.000,0.000,0.000,3.700,9.98,0.00,0.00,0.00,52,2,0.000000,0.000000,0,0
04/06/2026 23:58:30,30.50,29.81,59.98,101156.00,21.21,3.00,0.00,69.16,0.00,738.77,1120.41,628.77,751.52,743.52,1891.81,1886.43,1900.31,1896.93,0.000,0.000,0.000,0.000,0.000,0.000,0.000,0.000,0.000,0.000,0.000,0.000,0.000,0.000,0.000,0.000,0.000,0.000,0.000,0.000,0.000,0.000,0.000,0.000,0.000,0.000,0.000,0.000,3.700,9.98,0.00,0.00,0.00,51,2,0.000000,0.000000,0,0
04/06/2026 23:58:40,30.60,29.80,60.04,101153.00,21.21,3.00,0.00,65.87,0.00,740.02,1118.53,628.64,751.90,744.52,1891.81,1886.68,1900.31,1897.18,0.000,0.000,0.000,0.000,0.000,0.000,0.000,0.000,0.000,0.000,0.000,0.000,0.000,0.000,0.000,0.000,0.000,0.000,0.000,0.000,0.000,0.000,0.000,0.000,0.000,0.000,0.000,0.000,3.700,9.98,0.00,0.00,0.00,52,2,0.000000,0.000000,0,0
04/06/2026 23:58:50,30.50,29.80,60.04,101156.00,21.21,3.00,0.00,68.94,0.00,738.02,1116.53,630.64,750.90,743.02,1892.06,1886.56,1900.43,1897.43,0.000,0.000,0.000,0.000,0.000,0.000,0.000,0.000,0.000,0.000,0.000,0.000,0.000,0.000,0.000,0.000,0.000,0.000,0.000,0.000,0.000,0.000,0.000,0.000,0.000,0.000,0.000,0.000,3.700,9.98,0.00,0.00,0.00,51,2,0.000000,0.000000,0,0
04/06/2026 23:59:00,30.50,29.79,60.07,101156.00,21.21,3.00,0.00,70.91,0.00,738.27,1114.78,630.64,751.27,743.52,1892.18,1886.56,1900.56,1897.56,0.000,0.000,0.000,0.000,0.000,0.000,0.000,0.000,0.000,0.000,0.000,0.000,0.000,0.000,0.000,0.000,0.000,0.000,0.000,0.000,0.000,0.000,0.000,0.000,0.000,0.000,0.000,0.000,3.700,9.98,0.00,0.00,0.00,52,2,0.000000,0.000000,0,0
04/06/2026 23:59:10,30.50,29.79,60.07,101147.00,21.21,3.00,0.00,69.81,0.00,738.40,1112.28,630.77,751.52,744.15,1891.68,1886.31,1900.31,1897.56,0.000,0.000,0.000,0.000,0.000,0.000,0.000,0.000,0.000,0.000,0.000,0.000,0.000,0.000,0.000,0.000,0.000,0.000,0.000,0.000,0.000,0.000,0.000,0.000,0.000,0.000,0.000,0.000,3.700,9.98,0.00,0.00,0.00,52,2,0.000000,0.000000,0,0
04/06/2026 23:59:20,30.50,29.79,60.10,101153.00,21.22,3.00,0.00,60.84,0.00,737.52,1109.66,631.02,750.27,742.65,1891.81,1886.31,1900.43,1897.56,0.000,0.000,0.000,0.000,0.000,0.000,0.000,0.000,0.000,0.000,0.000,0.000,0.000,0.000,0.000,0.000,0.000,0.000,0.000,0.000,0.000,0.000,0.000,0.000,0.000,0.000,0.000,0.000,3.700,9.98,0.00,0.00,0.00,51,2,0.000000,0.000000,0,0
04/06/2026 23:59:30,30.50,29.78,60.13,101150.00,21.22,3.00,0.00,58.65,0.00,736.02,1108.16,630.52,750.77,743.15,1892.06,1886.81,1900.68,1897.18,0.000,0.000,0.000,0.000,0.000,0.000,0.000,0.000,0.000,0.000,0.000,0.000,0.000,0.000,0.000,0.000,0.000,0.000,0.000,0.000,0.000,0.000,0.000,0.000,0.000,0.000,0.000,0.000,3.700,9.98,0.00,0.00,0.00,52,2,0.000000,0.000000,0,0
04/06/2026 23:59:40,30.50,29.78,60.13,101147.00,21.22,3.00,0.00,59.09,0.00,737.27,1106.53,630.52,751.52,744.40,1892.06,1886.81,1900.56,1897.43,0.000,0.000,0.000,0.000,0.000,0.000,0.000,0.000,0.000,0.000,0.000,0.000,0.000,0.000,0.000,0.000,0.000,0.000,0.000,0.000,0.000,0.000,0.000,0.000,0.000,0.000,0.000,0.000,3.700,9.98,0.00,0.00,0.00,52,2,0.000000,0.000000,0,0
04/06/2026 23:59:50,30.50,29.78,60.16,101153.00,21.22,3.00,0.00,61.28,0.00,734.90,1104.53,630.52,750.65,743.15,1892.18,1886.31,1900.43,1897.56,0.000,0.000,0.000,0.000,0.000,0.000,0.000,0.000,0.000,0.000,0.000,0.000,0.000,0.000,0.000,0.000,0.000,0.000,0.000,0.000,0.000,0.000,0.000,0.000,0.000,0.000,0.000,0.000,3.700,9.98,0.00,0.00,0.00,51,2,0.000000,0.000000,0,0
04/07/2026 00:00:00,30.50,29.77,60.22,101147.00,21.23,3.00,0.00,62.81,0.00,736.40,1102.28,629.89,750.02,742.27,1892.06,1886.43,1900.56,1897.43,0.000,0.000,0.000,0.000,0.000,0.000,0.000,0.000,0.000,0.000,0.000,0.000,0.000,0.000,0.000,0.000,0.000,0.000,0.000,0.000,0.000,0.000,0.000,0.000,0.000,0.000,0.000,0.000,3.700,9.98,0.00,0.00,0.00,52,2,0.000000,0.000000,0,0
04/07/2026 00:00:10,30.50,29.77,60.22,101147.00,21.23,3.00,0.00,65.00,0.00,734.90,1100.03,632.02,751.77,744.02,1892.06,1886.81,1900.18,1897.18,0.000,0.000,0.000,0.000,0.000,0.000,0.000,0.000,0.000,0.000,0.000,0.000,0.000,0.000,0.000,0.000,0.000,0.000,0.000,0.000,0.000,0.000,0.000,0.000,0.000,0.000,0.000,0.000,3.700,9.98,0.00,0.00,0.00,52,2,0.000000,0.000000,0,0
04/07/2026 00:00:20,30.50,29.76,60.28,101159.00,21.24,3.00,0.00,70.69,0.00,733.27,1099.16,631.89,751.02,743.15,1892.43,1887.18,1900.31,1897.06,0.027,0.000,0.000,0.000,0.000,0.000,0.000,0.000,0.000,0.000,0.000,0.000,0.000,0.000,0.000,0.000,0.000,0.000,0.000,0.000,0.000,0.000,0.000,0.000,0.000,0.000,0.000,0.000,3.700,9.98,0.00,0.00,0.00,52,2,0.000000,0.000000,0,0
04/07/2026 00:00:30,30.50,29.76,60.28,101144.00,21.24,3.00,0.00,70.69,0.00,732.52,1097.66,630.39,742.27,734.27,1891.93,1887.06,1900.31,1897.56,0.027,0.000,0.000,0.000,0.000,0.000,0.000,0.000,0.000,0.000,0.000,0.000,0.000,0.000,0.000,0.000,0.000,0.000,0.000,0.000,0.000,0.000,0.000,0.000,0.000,0.000,0.000,0.000,3.700,9.98,0.00,0.00,0.00,51,2,0.000000,0.000000,0,0
04/07/2026 00:00:40,30.50,29.76,60.34,101150.00,21.25,3.00,0.00,67.84,0.00,733.27,1096.28,630.39,754.27,746.40,1892.18,1886.68,1899.93,1897.31,0.081,0.000,0.000,0.000,0.000,0.000,0.000,0.000,0.000,0.000,0.000,0.000,0.000,0.000,0.000,0.000,0.000,0.000,0.000,0.000,0.000,0.000,0.000,0.000,0.000,0.000,0.000,0.000,3.700,9.98,0.01,0.01,0.01,52,2,0.000000,0.000000,0,0
04/07/2026 00:00:50,30.50,29.75,60.36,101156.00,21.25,3.00,0.00,58.87,0.00,734.90,1094.16,631.27,755.02,747.27,1891.93,1886.93,1900.18,1897.31,0.000,0.000,0.000,0.000,0.000,0.000,0.000,0.000,0.000,0.000,0.000,0.000,0.000,0.000,0.000,0.000,0.000,0.000,0.000,0.000,0.000,0.000,0.000,0.000,0.000,0.000,0.000,0.000,3.700,9.98,0.00,0.00,0.00,52,2,0.000000,0.000000,0,0
04/07/2026 00:01:00,30.50,29.75,60.36,101153.00,21.25,3.00,0.00,58.65,0.00,733.52,1092.16,631.77,749.90,742.02,1892.06,1886.68,1900.06,1897.06,0.000,0.000,0.000,0.000,0.000,0.000,0.000,0.000,0.000,0.000,0.000,0.000,0.000,0.000,0.000,0.000,0.000,0.000,0.000,0.000,0.000,0.000,0.000,0.000,0.000,0.000,0.000,0.000,3.700,9.98,0.00,0.00,0.00,52,2,0.000000,0.000000,0,0
04/07/2026 00:01:10,30.50,29.75,60.39,101156.00,21.26,3.00,0.00,63.90,0.00,733.65,1091.03,630.89,752.02,744.15,1892.18,1886.43,1900.06,1897.43,0.000,0.000,0.000,0.000,0.000,0.000,0.000,0.000,0.000,0.000,0.000,0.000,0.000,0.000,0.000,0.000,0.000,0.000,0.000,0.000,0.000,0.000,0.000,0.000,0.000,0.000,0.000,0.000,3.700,9.98,0.00,0.00,0.00,52,2,0.000000,0.000000,0,0
04/07/2026 00:01:20,30.50,29.75,60.42,101164.00,21.27,3.00,0.00,70.47,0.00,732.27,1090.28,631.77,751.02,742.90,1892.06,1886.93,1900.68,1897.81,0.000,0.000,0.000,0.000,0.000,0.000,0.000,0.000,0.000,0.000,0.000,0.000,0.000,0.000,0.000,0.000,0.000,0.000,0.000,0.000,0.000,0.000,0.000,0.000,0.000,0.000,0.000,0.000,3.700,9.98,0.00,0.00,0.00,52,2,0.000000,0.000000,0,0
04/07/2026 00:01:30,30.50,29.74,60.45,101153.00,21.26,3.00,0.00,70.91,0.00,734.90,1088.91,632.52,749.15,741.27,1892.18,1886.81,1900.31,1897.43,0.000,0.000,0.000,0.000,0.000,0.000,0.000,0.000,0.000,0.000,0.000,0.000,0.000,0.000,0.000,0.000,0.000,0.000,0.000,0.000,0.000,0.000,0.000,0.000,0.000,0.000,0.000,0.000,3.700,9.98,0.00,0.00,0.00,51,2,0.000000,0.000000,0,0
04/07/2026 00:01:40,30.50,29.74,60.45,101153.00,21.26,3.00,0.00,70.69,0.00,733.65,1086.41,631.52,751.77,744.65,1891.93,1886.93,1900.56,1897.31,0.000,0.000,0.000,0.000,0.000,0.000,0.000,0.000,0.000,0.000,0.000,0.000,0.000,0.000,0.000,0.000,0.000,0.000,0.000,0.000,0.000,0.000,0.000,0.000,0.000,0.000,0.000,0.000,3.700,9.98,0.00,0.00,0.00,52,2,0.000000,0.000000,0,0
04/07/2026 00:01:50,30.50,29.73,60.48,101153.00,21.26,3.00,0.00,69.16,0.00,735.40,1084.53,631.64,750.40,742.52,1892.06,1886.93,1900.43,1897.06,0.000,0.000,0.000,0.000,0.000,0.000,0.000,0.000,0.000,0.000,0.000,0.000,0.000,0.000,0.000,0.000,0.000,0.000,0.000,0.000,0.000,0.000,0.000,0.000,0.000,0.000,0.000,0.000,3.700,9.98,0.00,0.00,0.00,52,2,0.000000,0.000000,0,0
04/07/2026 00:02:00,30.50,29.73,60.48,101156.00,21.26,3.00,0.00,61.50,0.00,734.65,1082.03,631.89,748.90,741.40,1892.31,1886.81,1900.56,1897.43,0.000,0.000,0.000,0.000,0.000,0.000,0.000,0.000,0.000,0.000,0.000,0.000,0.000,0.000,0.000,0.000,0.000,0.000,0.000,0.000,0.000,0.000,0.000,0.000,0.000,0.000,0.000,0.000,3.700,9.98,0.00,0.00,0.00,51,2,0.000000,0.000000,0,0
04/07/2026 00:02:10,30.50,29.73,60.51,101153.00,21.27,3.00,0.00,60.40,0.00,736.52,1079.66,630.39,751.15,743.40,1892.31,1886.93,1900.56,1897.56,0.000,0.000,0.000,0.000,0.000,0.000,0.000,0.000,0.000,0.000,0.000,0.000,0.000,0.000,0.000,0.000,0.000,0.000,0.000,0.000,0.000,0.000,0.000,0.000,0.000,0.000,0.000,0.000,3.700,9.98,0.00,0.00,0.00,52,2,0.000000,0.000000,0,0
04/07/2026 00:02:20,30.50,29.72,60.57,101156.00,21.27,3.00,0.00,66.53,0.00,738.15,1078.53,632.52,749.90,742.40,1892.18,1886.93,1900.81,1897.68,0.000,0.000,0.000,0.000,0.000,0.000,0.000,0.000,0.000,0.000,0.000,0.000,0.000,0.000,0.000,0.000,0.000,0.000,0.000,0.000,0.000,0.000,0.000,0.000,0.000,0.000,0.000,0.000,3.700,9.98,0.00,0.00,0.00,52,2,0.000000,0.000000,0,0
04/07/2026 00:02:30,30.50,29.72,60.57,101156.00,21.27,3.00,0.00,69.37,0.00,738.40,1076.91,631.02,748.65,741.15,1892.56,1887.18,1900.81,1897.81,0.000,0.000,0.000,0.000,0.000,0.000,0.000,0.000,0.000,0.000,0.000,0.000,0.000,0.000,0.000,0.000,0.000,0.000,0.000,0.000,0.000,0.000,0.000,0.000,0.000,0.000,0.000,0.000,3.700,9.98,0.00,0.00,0.00,52,2,0.000000,0.000000,0,0
04/07/2026 00:02:40,30.50,29.72,60.57,101153.00,21.27,3.00,0.00,59.96,0.00,739.65,1075.03,631.77,751.02,743.65,1892.31,1886.68,1900.56,1897.56,0.000,0.000,0.000,0.000,0.000,0.000,0.000,0.000,0.000,0.000,0.000,0.000,0.000,0.000,0.000,0.000,0.000,0.000,0.000,0.000,0.000,0.000,0.000,0.000,0.000,0.000,0.000,0.000,3.700,9.98,0.00,0.00,0.00,52,2,0.000000,0.000000,0,0
04/07/2026 00:02:50,30.50,29.72,60.57,101147.00,21.27,3.00,0.00,61.06,0.00,738.65,1073.41,632.14,750.02,742.15,1892.31,1886.81,1900.56,1897.56,0.000,0.000,0.000,0.000,0.000,0.000,0.000,0.000,0.000,0.000,0.000,0.000,0.000,0.000,0.000,0.000,0.000,0.000,0.000,0.000,0.000,0.000,0.000,0.000,0.000,0.000,0.000,0.000,3.700,9.98,0.00,0.00,0.00,52,2,0.000000,0.000000,0,0
04/07/2026 00:03:00,30.40,29.71,60.60,101144.00,21.27,3.00,0.00,64.56,0.00,739.15,1072.28,633.02,748.65,741.02,1892.18,1886.81,1900.68,1897.56,0.000,0.000,0.000,0.000,0.000,0.000,0.000,0.000,0.000,0.000,0.000,0.000,0.000,0.000,0.000,0.000,0.000,0.000,0.000,0.000,0.000,0.000,0.000,0.000,0.000,0.000,0.000,0.000,3.700,9.98,0.00,0.00,0.00,52,2,0.000000,0.000000,0,0
04/07/2026 00:03:10,30.50,29.72,60.60,101162.00,21.28,3.00,0.00,64.56,0.00,738.90,1070.66,632.02,750.52,743.27,1892.43,1886.81,1900.56,1897.31,0.000,0.000,0.000,0.000,0.000,0.000,0.000,0.000,0.000,0.000,0.000,0.000,0.000,0.000,0.000,0.000,0.000,0.000,0.000,0.000,0.000,0.000,0.000,0.000,0.000,0.000,0.000,0.000,3.700,9.98,0.00,0.00,0.00,52,2,0.000000,0.000000,0,0
04/07/2026 00:03:20,30.50,29.71,60.63,101150.00,21.28,3.00,0.00,70.47,0.00,739.15,1068.41,631.77,749.65,742.40,1892.31,1886.18,1900.43,1897.18,0.000,0.000,0.000,0.000,0.000,0.000,0.000,0.000,0.000,0.000,0.000,0.000,0.000,0.000,0.000,0.000,0.000,0.000,0.000,0.000,0.000,0.000,0.000,0.000,0.000,0.000,0.000,0.000,3.700,9.98,0.00,0.00,0.00,52,2,0.000000,0.000000,0,0
04/07/2026 00:03:30,30.50,29.71,60.60,101150.00,21.27,3.00,0.00,69.16,0.00,740.90,1066.16,630.14,748.40,740.90,1892.43,1886.56,1900.93,1897.81,0.000,0.000,0.000,0.000,0.000,0.000,0.000,0.000,0.000,0.000,0.000,0.000,0.000,0.000,0.000,0.000,0.000,0.000,0.000,0.000,0.000,0.000,0.000,0.000,0.000,0.000,0.000,0.000,3.700,9.98,0.00,0.00,0.00,52,2,0.000000,0.000000,0,0
04/07/2026 00:03:40,30.40,29.70,60.66,101153.00,21.28,3.00,0.00,63.68,0.00,736.90,1064.91,630.27,750.52,743.15,1892.06,1887.31,1900.68,1897.68,0.000,0.000,0.000,0.000,0.000,0.000,0.000,0.000,0.000,0.000,0.000,0.000,0.000,0.000,0.000,0.000,0.000,0.000,0.000,0.000,0.000,0.000,0.000,0.000,0.000,0.000,0.000,0.000,3.700,9.98,0.00,0.00,0.00,52,2,0.000000,0.000000,0,0
04/07/2026 00:03:50,30.40,29.70,60.69,101147.00,21.29,3.00,0.00,58.65,0.00,739.02,1064.03,632.39,749.65,742.40,1891.93,1887.31,1900.31,1897.56,0.000,0.000,0.000,0.000,0.000,0.000,0.000,0.000,0.000,0.000,0.000,0.000,0.000,0.000,0.000,0.000,0.000,0.000,0.000,0.000,0.000,0.000,0.000,0.000,0.000,0.000,0.000,0.000,3.700,9.98,0.00,0.00,0.00,51,2,0.000000,0.000000,0,0
04/07/2026 00:04:00,30.40,29.69,60.74,101147.00,21.29,3.00,0.00,70.69,0.00,738.40,1061.16,631.27,748.27,740.27,1892.43,1887.06,1900.81,1897.81,0.000,0.000,0.000,0.000,0.000,0.000,0.000,0.000,0.000,0.000,0.000,0.000,0.000,0.000,0.000,0.000,0.000,0.000,0.000,0.000,0.000,0.000,0.000,0.000,0.000,0.000,0.000,0.000,3.700,9.98,0.00,0.00,0.00,51,2,0.000000,0.000000,0,0
04/07/2026 00:04:10,30.40,29.69,60.77,101159.00,21.30,3.00,0.00,70.03,0.00,736.40,1059.66,630.02,750.02,742.40,1892.31,1886.81,1900.56,1897.68,0.000,0.000,0.000,0.000,0.000,0.000,0.000,0.000,0.000,0.000,0.000,0.000,0.000,0.000,0.000,0.000,0.000,0.000,0.000,0.000,0.000,0.000,0.000,0.000,0.000,0.000,0.000,0.000,3.700,9.98,0.00,0.00,0.00,51,2,0.000000,0.000000,0,0
04/07/2026 00:04:20,30.40,29.69,60.80,101156.00,21.31,3.00,0.00,70.69,0.00,734.40,1058.03,632.39,749.40,742.15,1892.56,1887.31,1900.43,1897.56,0.000,0.000,0.000,0.000,0.000,0.000,0.000,0.000,0.000,0.000,0.000,0.000,0.000,0.000,0.000,0.000,0.000,0.000,0.000,0.000,0.000,0.000,0.000,0.000,0.000,0.000,0.000,0.000,3.700,9.98,0.00,0.00,0.00,52,2,0.000000,0.000000,0,0
04/07/2026 00:04:30,30.40,29.69,60.77,101150.00,21.30,3.00,0.00,69.59,0.00,735.15,1056.28,632.27,748.65,740.65,1892.43,1886.93,1900.43,1896.93,0.000,0.000,0.000,0.000,0.000,0.000,0.000,0.000,0.000,0.000,0.000,0.000,0.000,0.000,0.000,0.000,0.000,0.000,0.000,0.000,0.000,0.000,0.000,0.000,0.000,0.000,0.000,0.000,3.700,9.98,0.00,0.00,0.00,52,2,0.000000,0.000000,0,0
04/07/2026 00:04:40,30.40,29.67,60.84,101156.00,21.31,3.00,0.00,65.00,0.00,736.02,1054.53,630.89,749.52,741.90,1892.31,1886.93,1900.56,1897.06,0.000,0.000,0.000,0.000,0.000,0.000,0.000,0.000,0.000,0.000,0.000,0.000,0.000,0.000,0.000,0.000,0.000,0.000,0.000,0.000,0.000,0.000,0.000,0.000,0.000,0.000,0.000,0.000,3.700,9.98,0.00,0.00,0.00,52,2,0.000000,0.000000,0,0
04/07/2026 00:04:50,30.40,29.67,60.87,101150.00,21.31,3.00,0.00,70.25,0.00,735.40,1053.28,630.89,749.65,742.15,1892.56,1887.06,1900.31,1897.31,0.000,0.000,0.000,0.000,0.000,0.000,0.000,0.000,0.000,0.000,0.000,0.000,0.000,0.000,0.000,0.000,0.000,0.000,0.000,0.000,0.000,0.000,0.000,0.000,0.000,0.000,0.000,0.000,3.700,9.98,0.00,0.00,0.00,52,2,0.000000,0.000000,0,0
04/07/2026 00:05:00,30.40,29.66,60.93,101156.00,21.32,3.00,0.00,69.59,0.00,736.40,1052.03,632.02,748.77,741.40,1892.43,1886.68,1900.43,1897.06,0.000,0.000,0.000,0.000,0.000,0.000,0.000,0.000,0.000,0.000,0.000,0.000,0.000,0.000,0.000,0.000,0.000,0.000,0.000,0.000,0.000,0.000,0.000,0.000,0.000,0.000,0.000,0.000,3.700,9.98,0.00,0.00,0.00,51,2,0.000000,0.000000,0,0
04/07/2026 00:05:10,30.40,29.66,60.93,101156.00,21.32,3.00,0.00,70.47,0.00,735.90,1049.91,632.77,749.02,741.15,1892.56,1887.18,1900.81,1897.06,0.000,0.000,0.000,0.000,0.000,0.000,0.000,0.000,0.000,0.000,0.000,0.000,0.000,0.000,0.000,0.000,0.000,0.000,0.000,0.000,0.000,0.000,0.000,0.000,0.000,0.000,0.000,0.000,3.700,9.98,0.00,0.00,0.00,51,2,0.000000,0.000000,0,0
04/07/2026 00:05:20,30.40,29.65,60.93,101159.00,21.31,3.00,0.00,70.69,0.00,736.02,1048.66,632.39,749.77,742.52,1892.56,1887.56,1900.68,1896.81,0.000,0.000,0.000,0.000,0.000,0.000,0.000,0.000,0.000,0.000,0.000,0.000,0.000,0.000,0.000,0.000,0.000,0.000,0.000,0.000,0.000,0.000,0.000,0.000,0.000,0.000,0.000,0.000,3.700,9.98,0.00,0.00,0.00,52,2,0.000000,0.000000,0,0
04/07/2026 00:05:30,30.40,29.65,60.93,101147.00,21.31,3.00,0.00,59.53,0.00,736.27,1047.28,632.27,740.90,733.02,1892.18,1886.93,1901.06,1897.56,0.000,0.000,0.000,0.000,0.000,0.000,0.000,0.000,0.000,0.000,0.000,0.000,0.000,0.000,0.000,0.000,0.000,0.000,0.000,0.000,0.000,0.000,0.000,0.000,0.000,0.000,0.000,0.000,3.700,9.98,0.00,0.00,0.00,51,2,0.000000,0.000000,0,0
04/07/2026 00:05:40,30.40,29.65,60.95,101153.00,21.32,3.00,0.00,62.59,0.00,736.90,1045.78,634.89,752.90,745.65,1892.43,1887.06,1900.93,1897.68,0.000,0.000,0.000,0.000,0.000,0.000,0.000,0.000,0.000,0.000,0.000,0.000,0.000,0.000,0.000,0.000,0.000,0.000,0.000,0.000,0.000,0.000,0.000,0.000,0.000,0.000,0.000,0.000,3.700,9.98,0.00,0.00,0.00,51,2,0.000000,0.000000,0,0
04/07/2026 00:05:50,30.40,29.64,60.95,101156.00,21.31,3.00,0.00,59.96,0.00,737.27,1044.03,632.27,751.65,744.52,1892.56,1887.06,1900.68,1897.56,0.000,0.000,0.000,0.000,0.000,0.000,0.000,0.000,0.000,0.000,0.000,0.000,0.000,0.000,0.000,0.000,0.000,0.000,0.000,0.000,0.000,0.000,0.000,0.000,0.000,0.000,0.000,0.000,3.700,9.98,0.00,0.00,0.00,52,2,0.000000,0.000000,0,0
04/07/2026 00:06:00,30.40,29.64,60.98,101159.00,21.31,3.00,0.00,63.47,0.00,736.65,1042.41,631.89,748.90,741.02,1892.81,1887.18,1901.18,1897.81,0.000,0.000,0.000,0.000,0.000,0.000,0.000,0.000,0.000,0.000,0.000,0.000,0.000,0.000,0.000,0.000,0.000,0.000,0.000,0.000,0.000,0.000,0.000,0.000,0.000,0.000,0.000,0.000,3.700,9.98,0.00,0.00,0.00,52,2,0.000000,0.000000,0,0
04/07/2026 00:06:10,30.40,29.63,60.98,101141.00,21.30,3.00,0.00,70.47,0.00,738.52,1040.41,632.27,747.90,740.65,1892.43,1886.43,1901.06,1897.56,0.000,0.000,0.000,0.000,0.000,0.000,0.000,0.000,0.000,0.000,0.000,0.000,0.000,0.000,0.000,0.000,0.000,0.000,0.000,0.000,0.000,0.000,0.000,0.000,0.000,0.000,0.000,0.000,3.700,9.98,0.00,0.00,0.00,52,2,0.000000,0.000000,0,0
04/07/2026 00:06:20,30.40,29.63,61.01,101153.00,21.31,3.00,0.00,63.03,0.00,739.02,1037.91,631.52,749.40,742.02,1892.68,1886.56,1900.93,1897.18,0.000,0.000,0.000,0.000,0.000,0.000,0.000,0.000,0.000,0.000,0.000,0.000,0.000,0.000,0.000,0.000,0.000,0.000,0.000,0.000,0.000,0.000,0.000,0.000,0.000,0.000,0.000,0.000,3.700,9.98,0.00,0.00,0.00,52,2,0.000000,0.000000,0,0
04/07/2026 00:06:30,30.40,29.63,61.04,101159.00,21.32,3.00,0.00,58.65,0.00,738.15,1036.41,632.02,748.52,741.40,1892.43,1886.81,1900.93,1897.43,0.000,0.000,0.000,0.000,0.000,0.000,0.000,0.000,0.000,0.000,0.000,0.000,0.000,0.000,0.000,0.000,0.000,0.000,0.000,0.000,0.000,0.000,0.000,0.000,0.000,0.000,0.000,0.000,3.700,9.98,0.00,0.00,0.00,52,2,0.000000,0.000000,0,0
04/07/2026 00:06:40,30.40,29.63,61.04,101153.00,21.32,3.00,0.00,65.43,0.00,740.52,1035.28,631.77,747.15,739.90,1892.06,1886.81,1901.06,1897.31,0.108,0.000,0.000,0.000,0.000,0.000,0.000,0.000,0.000,0.000,0.000,0.000,0.000,0.000,0.000,0.000,0.000,0.000,0.000,0.000,0.000,0.000,0.000,0.000,0.000,0.000,0.000,0.000,3.700,9.98,0.01,0.01,0.01,52,2,0.000000,0.000000,0,0
04/07/2026 00:06:50,30.40,29.63,61.07,101156.00,21.33,3.00,0.00,70.69,0.00,739.90,1033.03,632.52,749.52,742.40,1892.81,1887.31,1900.93,1897.43,0.000,0.000,0.000,0.000,0.000,0.000,0.000,0.000,0.000,0.000,0.000,0.000,0.000,0.000,0.000,0.000,0.000,0.000,0.000,0.000,0.000,0.000,0.000,0.000,0.000,0.000,0.000,0.000,3.700,9.98,0.00,0.00,0.00,52,2,0.000000,0.000000,0,0
04/07/2026 00:07:00,30.40,29.62,61.07,101167.00,21.32,3.00,0.00,65.43,0.00,741.02,1031.91,633.14,748.65,741.40,1892.68,1887.56,1900.93,1896.93,0.000,0.000,0.000,0.000,0.000,0.000,0.000,0.000,0.000,0.000,0.000,0.000,0.000,0.000,0.000,0.000,0.000,0.000,0.000,0.000,0.000,0.000,0.000,0.000,0.000,0.000,0.000,0.000,3.700,9.98,0.00,0.00,0.00,52,2,0.000000,0.000000,0,0
04/07/2026 00:07:10,30.40,29.62,61.10,101159.00,21.33,3.00,0.00,59.74,0.00,741.65,1031.41,633.14,746.65,739.27,1892.81,1887.31,1901.06,1897.81,0.000,0.000,0.000,0.000,0.000,0.000,0.000,0.000,0.000,0.000,0.000,0.000,0.000,0.000,0.000,0.000,0.000,0.000,0.000,0.000,0.000,0.000,0.000,0.000,0.000,0.000,0.000,0.000,3.700,9.98,0.00,0.00,0.00,52,2,0.000000,0.000000,0,0
04/07/2026 00:07:20,30.40,29.62,61.10,101159.00,21.33,3.00,0.00,60.84,0.00,739.77,1029.28,632.64,749.52,741.77,1892.31,1886.81,1901.06,1897.56,0.000,0.000,0.000,0.000,0.000,0.000,0.000,0.000,0.000,0.000,0.000,0.000,0.000,0.000,0.000,0.000,0.000,0.000,0.000,0.000,0.000,0.000,0.000,0.000,0.000,0.000,0.000,0.000,3.700,9.98,0.00,0.00,0.00,52,2,0.000000,0.000000,0,0
04/07/2026 00:07:30,30.40,29.61,61.07,101159.00,21.31,3.00,0.00,62.59,0.00,739.65,1026.53,632.52,748.65,740.90,1892.31,1886.68,1900.93,1897.81,0.000,0.000,0.000,0.000,0.000,0.000,0.000,0.000,0.000,0.000,0.000,0.000,0.000,0.000,0.000,0.000,0.000,0.000,0.000,0.000,0.000,0.000,0.000,0.000,0.000,0.000,0.000,0.000,3.700,9.98,0.00,0.00,0.00,52,2,0.000000,0.000000,0,0
04/07/2026 00:07:40,30.40,29.61,61.13,101141.00,21.32,3.00,0.00,63.03,0.00,738.52,1024.78,631.89,746.40,739.40,1892.43,1886.81,1900.81,1897.31,0.000,0.000,0.000,0.000,0.000,0.000,0.000,0.000,0.000,0.000,0.000,0.000,0.000,0.000,0.000,0.000,0.000,0.000,0.000,0.000,0.000,0.000,0.000,0.000,0.000,0.000,0.000,0.000,3.700,9.98,0.00,0.00,0.00,52,2,0.000000,0.000000,0,0
04/07/2026 00:07:50,30.30,29.60,61.16,101150.00,21.32,3.00,0.00,58.43,0.00,734.90,1023.41,632.89,749.27,742.15,1892.56,1886.81,1900.93,1897.43,0.000,0.000,0.000,0.000,0.000,0.000,0.000,0.000,0.000,0.000,0.000,0.000,0.000,0.000,0.000,0.000,0.000,0.000,0.000,0.000,0.000,0.000,0.000,0.000,0.000,0.000,0.000,0.000,3.700,9.98,0.00,0.00,0.00,52,2,0.000000,0.000000,0,0
04/07/2026 00:08:00,30.30,29.60,61.16,101153.00,21.32,3.00,0.00,61.93,0.00,736.02,1022.16,633.27,748.02,740.52,1892.43,1886.81,1901.18,1897.68,0.000,0.000,0.000,0.000,0.000,0.000,0.000,0.000,0.000,0.000,0.000,0.000,0.000,0.000,0.000,0.000,0.000,0.000,0.000,0.000,0.000,0.000,0.000,0.000,0.000,0.000,0.000,0.000,3.700,9.98,0.00,0.00,0.00,52,2,0.000000,0.000000,0,0
04/07/2026 00:08:10,30.30,29.60,61.16,101141.00,21.32,3.00,0.00,63.25,0.00,736.90,1020.16,632.77,746.52,739.27,1892.43,1887.18,1901.06,1897.43,0.000,0.000,0.000,0.000,0.000,0.000,0.000,0.000,0.000,0.000,0.000,0.000,0.000,0.000,0.000,0.000,0.000,0.000,0.000,0.000,0.000,0.000,0.000,0.000,0.000,0.000,0.000,0.000,3.700,9.98,0.00,0.00,0.00,51,2,0.000000,0.000000,0,0
04/07/2026 00:08:20,30.30,29.59,61.16,101159.00,21.31,3.00,0.00,58.43,0.00,736.90,1018.66,633.64,748.90,741.77,1892.43,1887.31,1901.18,1897.81,0.000,0.000,0.000,0.000,0.000,0.000,0.000,0.000,0.000,0.000,0.000,0.000,0.000,0.000,0.000,0.000,0.000,0.000,0.000,0.000,0.000,0.000,0.000,0.000,0.000,0.000,0.000,0.000,3.700,9.98,0.00,0.00,0.00,52,2,0.000000,0.000000,0,0
04/07/2026 00:08:30,30.30,29.59,61.19,101150.00,21.32,3.00,0.00,58.87,0.00,736.40,1017.03,633.52,747.77,740.65,1892.43,1887.18,1901.31,1898.06,0.000,0.000,0.000,0.000,0.000,0.000,0.000,0.000,0.000,0.000,0.000,0.000,0.000,0.000,0.000,0.000,0.000,0.000,0.000,0.000,0.000,0.000,0.000,0.000,0.000,0.000,0.000,0.000,3.700,9.98,0.00,0.00,0.00,51,2,0.000000,0.000000,0,0
04/07/2026 00:08:40,30.30,29.59,61.22,101156.00,21.33,3.00,0.00,59.53,0.00,736.40,1015.53,631.77,746.65,739.27,1892.18,1886.81,1901.18,1897.56,0.000,0.000,0.000,0.000,0.000,0.000,0.000,0.000,0.000,0.000,0.000,0.000,0.000,0.000,0.000,0.000,0.000,0.000,0.000,0.000,0.000,0.000,0.000,0.000,0.000,0.000,0.000,0.000,3.700,9.98,0.00,0.00,0.00,51,2,0.000000,0.000000,0,0
04/07/2026 00:08:50,30.30,29.59,61.22,101156.00,21.33,3.00,0.00,69.81,0.00,735.02,1013.78,632.89,748.52,741.15,1892.31,1886.56,1901.31,1897.81,0.000,0.000,0.000,0.000,0.000,0.000,0.000,0.000,0.000,0.000,0.000,0.000,0.000,0.000,0.000,0.000,0.000,0.000,0.000,0.000,0.000,0.000,0.000,0.000,0.000,0.000,0.000,0.000,3.700,9.98,0.00,0.00,0.00,52,2,0.000000,0.000000,0,0
04/07/2026 00:09:00,30.30,29.58,61.22,101164.00,21.32,3.00,0.00,59.74,0.00,733.27,1011.78,632.27,748.15,740.65,1892.43,1886.31,1901.18,1897.18,0.000,0.000,0.000,0.000,0.000,0.000,0.000,0.000,0.000,0.000,0.000,0.000,0.000,0.000,0.000,0.000,0.000,0.000,0.000,0.000,0.000,0.000,0.000,0.000,0.000,0.000,0.000,0.000,3.700,9.98,0.00,0.00,0.00,52,2,0.000000,0.000000,0,0
04/07/2026 00:09:10,30.30,29.58,61.25,101156.00,21.32,3.00,0.00,66.97,0.00,733.77,1011.91,632.39,746.52,739.52,1892.43,1886.18,1900.56,1897.18,0.000,0.000,0.000,0.000,0.000,0.000,0.000,0.000,0.000,0.000,0.000,0.000,0.000,0.000,0.000,0.000,0.000,0.000,0.000,0.000,0.000,0.000,0.000,0.000,0.000,0.000,0.000,0.000,3.700,9.98,0.00,0.00,0.00,52,2,0.000000,0.000000,0,0
04/07/2026 00:09:20,30.30,29.57,61.28,101153.00,21.32,3.00,0.00,70.69,0.00,736.52,1011.41,631.27,748.02,740.65,1892.68,1887.06,1901.18,1898.18,0.000,0.000,0.000,0.000,0.000,0.000,0.000,0.000,0.000,0.000,0.000,0.000,0.000,0.000,0.000,0.000,0.000,0.000,0.000,0.000,0.000,0.000,0.000,0.000,0.000,0.000,0.000,0.000,3.700,9.98,0.00,0.00,0.00,51,2,0.000000,0.000000,0,0
04/07/2026 00:09:30,30.30,29.57,61.30,101153.00,21.33,3.00,0.00,63.47,0.00,736.40,1009.53,633.64,747.77,740.15,1892.68,1887.81,1901.31,1897.06,0.000,0.000,0.000,0.000,0.000,0.000,0.000,0.000,0.000,0.000,0.000,0.000,0.000,0.000,0.000,0.000,0.000,0.000,0.000,0.000,0.000,0.000,0.000,0.000,0.000,0.000,0.000,0.000,3.700,9.98,0.00,0.00,0.00,52,2,0.000000,0.000000,0,0
04/07/2026 00:09:40,30.30,29.56,61.33,101144.00,21.33,3.00,0.00,61.06,0.00,735.27,1008.16,634.39,746.40,739.02,1892.56,1887.43,1900.93,1897.43,0.000,0.000,0.000,0.000,0.000,0.000,0.000,0.000,0.000,0.000,0.000,0.000,0.000,0.000,0.000,0.000,0.000,0.000,0.000,0.000,0.000,0.000,0.000,0.000,0.000,0.000,0.000,0.000,3.700,9.98,0.00,0.00,0.00,52,2,0.000000,0.000000,0,0
04/07/2026 00:09:50,30.30,29.56,61.39,101158.00,21.34,3.00,0.00,65.87,0.00,738.77,1005.66,633.27,748.02,740.90,1892.18,1886.93,1901.31,1897.81,0.000,0.000,0.000,0.000,0.000,0.000,0.000,0.000,0.000,0.000,0.000,0.000,0.000,0.000,0.000,0.000,0.000,0.000,0.000,0.000,0.000,0.000,0.000,0.000,0.000,0.000,0.000,0.000,3.700,9.98,0.00,0.00,0.00,52,2,0.000000,0.000000,0,0
04/07/2026 00:10:00,30.30,29.56,61.42,101155.00,21.35,3.00,0.00,68.06,0.00,735.40,1004.66,632.02,747.02,740.15,1892.18,1887.06,1901.31,1897.56,0.000,0.000,0.000,0.000,0.000,0.000,0.000,0.000,0.000,0.000,0.000,0.000,0.000,0.000,0.000,0.000,0.000,0.000,0.000,0.000,0.000,0.000,0.000,0.000,0.000,0.000,0.000,0.000,3.700,9.98,0.00,0.00,0.00,52,2,0.000000,0.000000,0,0
04/07/2026 00:10:10,30.30,29.55,61.39,101152.00,21.33,3.00,0.00,71.12,0.00,737.27,1003.28,632.02,746.65,739.27,1892.31,1886.93,1901.06,1897.81,0.000,0.000,0.000,0.000,0.000,0.000,0.000,0.000,0.000,0.000,0.000,0.000,0.000,0.000,0.000,0.000,0.000,0.000,0.000,0.000,0.000,0.000,0.000,0.000,0.000,0.000,0.000,0.000,3.700,9.98,0.00,0.00,0.00,52,2,0.000000,0.000000,0,0
04/07/2026 00:10:20,30.30,29.53,61.39,101152.00,21.32,3.00,0.00,64.12,0.00,739.15,1002.28,632.77,746.15,738.15,1892.68,1887.18,1900.81,1897.43,0.000,0.000,0.000,0.000,0.000,0.000,0.000,0.000,0.000,0.000,0.000,0.000,0.000,0.000,0.000,0.000,0.000,0.000,0.000,0.000,0.000,0.000,0.000,0.000,0.000,0.000,0.000,0.000,3.700,9.98,0.00,0.00,0.00,52,2,0.000000,0.000000,0,0
04/07/2026 00:10:30,30.30,29.53,61.45,101152.00,21.34,3.00,0.00,59.96,0.00,738.02,1000.41,633.64,740.15,732.40,1892.68,1887.06,1901.18,1898.18,0.000,0.000,0.000,0.000,0.000,0.000,0.000,0.000,0.000,0.000,0.000,0.000,0.000,0.000,0.000,0.000,0.000,0.000,0.000,0.000,0.000,0.000,0.000,0.000,0.000,0.000,0.000,0.000,3.700,9.98,0.00,0.00,0.00,51,2,0.000000,0.000000,0,0
04/07/2026 00:10:40,30.30,29.53,61.48,101149.00,21.35,3.00,0.00,59.96,0.00,739.65,999.16,632.02,750.52,743.15,1892.56,1887.31,1901.06,1897.56,0.000,0.000,0.000,0.000,0.000,0.000,0.000,0.000,0.000,0.000,0.000,0.000,0.000,0.000,0.000,0.000,0.000,0.000,0.000,0.000,0.000,0.000,0.000,0.000,0.000,0.000,0.000,0.000,3.700,9.98,0.00,0.00,0.00,51,2,0.000000,0.000000,0,0
04/07/2026 00:10:50,30.30,29.51,61.54,101158.00,21.34,3.00,0.00,59.31,0.00,742.27,998.53,632.64,749.77,742.52,1892.56,1887.31,1901.06,1897.68,0.000,0.000,0.000,0.000,0.000,0.000,0.000,0.000,0.000,0.000,0.000,0.000,0.000,0.000,0.000,0.000,0.000,0.000,0.000,0.000,0.000,0.000,0.000,0.000,0.000,0.000,0.000,0.000,3.700,9.98,0.00,0.00,0.00,52,2,0.000000,0.000000,0,0
04/07/2026 00:11:00,30.30,29.51,61.60,101161.00,21.36,3.00,0.00,61.71,0.00,740.15,996.66,632.39,748.27,741.40,1892.56,1887.31,1901.31,1897.56,0.000,0.000,0.000,0.000,0.000,0.000,0.000,0.000,0.000,0.000,0.000,0.000,0.000,0.000,0.000,0.000,0.000,0.000,0.000,0.000,0.000,0.000,0.000,0.000,0.000,0.000,0.000,0.000,3.700,9.98,0.00,0.00,0.00,52,2,0.000000,0.000000,0,0
04/07/2026 00:11:10,30.30,29.50,61.57,101158.00,21.34,3.00,0.00,64.12,0.00,740.52,994.78,632.39,746.52,739.15,1892.43,1886.93,1901.06,1897.56,0.000,0.000,0.000,0.000,0.000,0.000,0.000,0.000,0.000,0.000,0.000,0.000,0.000,0.000,0.000,0.000,0.000,0.000,0.000,0.000,0.000,0.000,0.000,0.000,0.000,0.000,0.000,0.000,3.700,9.98,0.00,0.00,0.00,52,2,0.000000,0.000000,0,0
04/07/2026 00:11:20,30.20,29.49,61.63,101164.00,21.35,3.00,0.00,68.72,0.00,739.27,994.16,634.64,746.40,739.02,1892.56,1887.06,1901.18,1897.43,0.000,0.000,0.000,0.000,0.000,0.000,0.000,0.000,0.000,0.000,0.000,0.000,0.000,0.000,0.000,0.000,0.000,0.000,0.000,0.000,0.000,0.000,0.000,0.000,0.000,0.000,0.000,0.000,3.700,9.98,0.00,0.00,0.00,52,2,0.000000,0.000000,0,0
04/07/2026 00:11:30,30.20,29.49,61.60,101158.00,21.34,3.00,0.00,70.91,0.00,740.52,992.41,633.27,747.52,740.52,1892.81,1887.18,1901.18,1897.31,0.000,0.000,0.000,0.000,0.000,0.000,0.000,0.000,0.000,0.000,0.000,0.000,0.000,0.000,0.000,0.000,0.000,0.000,0.000,0.000,0.000,0.000,0.000,0.000,0.000,0.000,0.000,0.000,3.700,9.98,0.00,0.00,0.00,52,2,0.000000,0.000000,0,0
04/07/2026 00:11:40,30.20,29.49,61.66,101155.00,21.35,3.00,0.00,71.12,0.00,739.52,991.16,632.52,745.90,738.27,1892.43,1886.81,1901.06,1897.06,0.000,0.000,0.000,0.000,0.000,0.000,0.000,0.000,0.000,0.000,0.000,0.000,0.000,0.000,0.000,0.000,0.000,0.000,0.000,0.000,0.000,0.000,0.000,0.000,0.000,0.000,0.000,0.000,3.700,9.98,0.00,0.00,0.00,52,2,0.000000,0.000000,0,0
04/07/2026 00:11:50,30.20,29.49,61.60,101149.00,21.34,3.00,0.00,61.71,0.00,739.02,989.53,633.77,746.27,738.40,1892.56,1886.81,1901.06,1897.06,0.000,0.000,0.000,0.000,0.000,0.000,0.000,0.000,0.000,0.000,0.000,0.000,0.000,0.000,0.000,0.000,0.000,0.000,0.000,0.000,0.000,0.000,0.000,0.000,0.000,0.000,0.000,0.000,3.700,9.98,0.00,0.00,0.00,52,2,0.000000,0.000000,0,0
04/07/2026 00:12:00,30.20,29.48,61.66,101158.00,21.34,3.00,0.00,62.81,0.00,739.65,987.91,633.89,747.52,739.65,1892.81,1887.18,1900.93,1897.81,0.000,0.000,0.000,0.000,0.000,0.000,0.000,0.000,0.000,0.000,0.000,0.000,0.000,0.000,0.000,0.000,0.000,0.000,0.000,0.000,0.000,0.000,0.000,0.000,0.000,0.000,0.000,0.000,3.700,9.98,0.00,0.00,0.00,52,2,0.000000,0.000000,0,0
04/07/2026 00:12:10,30.20,29.48,61.71,101152.00,21.36,3.00,0.00,69.59,0.00,737.27,985.91,633.77,746.15,738.77,1892.68,1887.18,1901.06,1897.31,0.000,0.000,0.000,0.000,0.000,0.000,0.000,0.000,0.000,0.000,0.000,0.000,0.000,0.000,0.000,0.000,0.000,0.000,0.000,0.000,0.000,0.000,0.000,0.000,0.000,0.000,0.000,0.000,3.700,9.98,0.00,0.00,0.00,51,2,0.000000,0.000000,0,0
04/07/2026 00:12:20,30.20,29.47,61.74,101149.00,21.36,3.00,0.00,70.25,0.00,737.15,984.78,632.64,745.52,738.52,1892.18,1886.56,1900.93,1897.06,0.000,0.000,0.000,0.000,0.000,0.000,0.000,0.000,0.000,0.000,0.000,0.000,0.000,0.000,0.000,0.000,0.000,0.000,0.000,0.000,0.000,0.000,0.000,0.000,0.000,0.000,0.000,0.000,3.700,9.98,0.00,0.00,0.00,51,2,0.000000,0.000000,0,0
04/07/2026 00:12:30,30.20,29.47,61.80,101146.00,21.37,3.00,0.00,70.91,0.00,737.40,983.91,632.64,747.40,739.90,1892.31,1886.68,1901.06,1897.31,0.000,0.000,0.000,0.000,0.000,0.000,0.000,0.000,0.000,0.000,0.000,0.000,0.000,0.000,0.000,0.000,0.000,0.000,0.000,0.000,0.000,0.000,0.000,0.000,0.000,0.000,0.000,0.000,3.700,9.98,0.00,0.00,0.00,51,2,0.000000,0.000000,0,0
04/07/2026 00:12:40,30.20,29.47,61.83,101149.00,21.38,3.00,0.00,60.40,0.00,737.27,983.16,634.02,739.77,732.65,1892.56,1886.56,1900.81,1897.31,0.000,0.000,0.000,0.000,0.000,0.000,0.000,0.000,0.000,0.000,0.000,0.000,0.000,0.000,0.000,0.000,0.000,0.000,0.000,0.000,0.000,0.000,0.000,0.000,0.000,0.000,0.000,0.000,3.700,9.98,0.00,0.00,0.00,51,2,0.000000,0.000000,0,0
04/07/2026 00:12:50,30.20,29.47,61.83,101149.00,21.38,3.00,0.00,59.09,0.00,737.02,982.28,634.89,750.02,742.52,1892.31,1887.06,1900.93,1897.43,0.000,0.000,0.000,0.000,0.000,0.000,0.000,0.000,0.000,0.000,0.000,0.000,0.000,0.000,0.000,0.000,0.000,0.000,0.000,0.000,0.000,0.000,0.000,0.000,0.000,0.000,0.000,0.000,3.700,9.98,0.00,0.00,0.00,52,2,0.000000,0.000000,0,0
